Ticker,Nome,Nome fantasia,Governança
RRRP,3R PETROLEUM ÓLEO E GÁS S.A,3R PETROLEUM,NM
TZRD,3Z REALTY DESENVOLVIMENTO IMOBILIARIO S/A,3ZREALTY,-
QVQP,524 PARTICIPACOES S.A.,524 PARTICIP,MB
GRDR,A GERADORA ALUGUEL DE MAQUINAS S.A.,GERADORA,-
BODY,A BODYTECH PARTICIPACOES S.A.,BODYTECH,-
ATBC,AB CONCESSOES S.A.,ABCONCESSOES,-
ABAP,ABA PORTO PARTICIPACOES S/A,ABAPORTO,-
ABPR,ABAPORU PARTICIPACOES S/A,ABAPORU,-
ABMX,ABIMEX IMPORTACAO E EXPORTACAO S/A,ABIMEX,-
ABRL,ABRIL COMUNICACOES S.A.,ABRIL COM,MB
ACEC,ACECO TI S/A,ACECOTI,-
FCEF,ACEF S.A.,ACEF,-
ACQO,ACQIO HOLDING PARTICIPACOES S.A.,ACQIO HOLDIN,-
ADMA,ADAMI S.A. - MADEIRAS,ADAMI,-
ADAG,ADECOAGRO VALE DO EVINHEMA S.A.,ADECOAGRO VA,-
AERI,AERIS IND. E COM. DE EQUIP. GERACAO DE ENERGIA S/A,AERIS,NM
VRCP,AEROPORTOS BRASIL - VIRACOPOS S.A.,VIRACOPOS,-
AESB,AES BRASIL ENERGIA S.A.,AES BRASIL,NM
AESO,AES BRASIL OPERAÇÕES S.A.,AESOPERACOES,-
AHBR,AES HOLDINGS BRASIL S.A.,AES HOLD BR,-
TCII,AES Tucano Holding II S.A.,AESTUCHOLDII,-
AETE,AETE - AMAZONIA EMPRESA TRANSMISSORA DE ENERGIA,AETEAMAZONIA,-
AFLT,AFLUENTE TRANSMISSÃO DE ENERGIA ELÉTRICA S/A,AFLUENTE T,-
AGAU,AGASUS S.A.,AGASUS S.A.,-
AGLT,AGEO LESTE S.A,AGEO LESTE S,-
AGEO,AGEO TERMINAIS E ARMAZENS GERAIS S/A,AGEO,-
AGPN,AGIPLAN FINANCEIRA S/A CREDITO FINANCIAMENTO E INV,AGIPLANCFI,-
NOWS,AGORA SOL. EM TEC. DA INFORMACAO E COMUNICACAO SA,AGORATECNOLO,-
UNLT,AGORACRED S/A SOCIEDADE DE CREDITO FINANCIAMENTO E,AGORACFI,-
AGAL,AGRICOLA ALVORADA LTDA,AGRICOLA ALV,-
AGTL,AGRO TALENT PARTICIPACOES S/A,AGRO TALENT,-
AGXY,AGROGALAXY PARTICIPAÇÕES S.A.,AGROGALAXY,NM
AJOT,AGROPASTORIL JOTABASSO LTDA.,AGROPASTORIL,-
AGND,AGROVIA DO NORDESTE S.A.,AGROVIA,-
CABC,AGUAS CUIABA S/A - CONCESSIONARIA DE SERVICOS PUBL,AGUASCUIABA,-
ACMB,AGUAS DE CAMBORIU SANEAMENTO SPE S.A.,CAMBORIUSPE,-
AGNT,AGUAS DE NITEROI S.A.,NITEROI,-
APNH,AGUAS DE PENHA SANEAMENTO SPE S.A.,PENHASPE,-
AGSF,AGUAS DE SAO FRANCISCO DO SUL SPE S.A.,AGUASSAOFRAN,-
AUSP,AGUAS DE SINOP S A,SINOP,-
AGTS,AGUAS DE TIMON SANEAMENTO S.A.,TIMONSAN,-
AGPB,AGUAS DO PARAIBA S/A,AGUASPARAIBA,-
AK24,AK 24 EMPREENDIMENTOS E PARTICIPAÇÕES S.A.,AK 24 EMPREE,-
ABFR,ALCOESTE BIOENERGIA FERNANDÓPOLIS S.A.,ALCOESTE,-
ALES,ALESAT COMBUSTIVEIS S/A,ALESAT,-
ALEX,ALEX ENERGIA PARTICIPACOES S.A.,ALEXENERGIAP,-
RPAD,ALFA HOLDINGS S.A.,ALFA HOLDING,-
ALGC,ALGAR TECNOLOGIA E CONSULTORIA S.A.,ALGAR,-
ALGT,ALGAR TELECOM S/A,ALGAR TELEC,-
GRCT,ALGAR TI CONSULTORIA S.A,ALGARTI,-
ALGE,ALIANCA GERACAO DE ENERGIA S.A.,ALIANCA,-
ATGP,ALIANCA TRANSPORTADORA DE GAS PARTICIPACOES S.A,ALIANCATRANS,-
ALSO,ALIANSCE SONAE SHOPPING CENTERS S.A.,ALIANSCSONAE,NM
ALLF,ALL FAMA INDUSTRIAL S.A.,ALL FAMA,MB
ALLD,ALLIED TECNOLOGIA S.A.,ALLIED,NM
ALAP,ALLONDA AMBIENTAL PARTICIPAÇÕES S.A.,ALLONDA AMBI,-
ALPK,ALLPARK EMPREENDIMENTOS PARTICIPACOES SERVICOS S.A,ESTAPAR,NM
ALMJ,ALMEIDA JUNIOR SHOPPING CENTERS S.A.,ALMEIDA,-
ALPA,ALPARGATAS S.A.,ALPARGATAS,N1
APER,ALPER CONSULTORIA E CORRETORA DE SEGUROS S.A.,ALPER S.A.,NM
AVLL,ALPHAVILLE S.A.,ALPHAVILLE,NM
AUSA,ALPHAVILLE URBANISMO S/A.,ALPHAVILLE U,-
ALTR,ALTERE SECURITIZADORA S.A.,ALTERE SEC,-
ALUB,ALUBAM PARTICIPACOES S/A,ALUBAM,-
ALUP,ALUPAR INVESTIMENTO S/A,ALUPAR,N2
ALUS,ALUSA ENGENHARIA S.A.,ALUSAENG,-
AMPS,AMAM PARTICIPACOES SPE S.A.,AMAM,-
AATA,AMATA S.A.,AMATA,-
AMTG,AMAZONAS GERAÇÃO E TRANSMISSÃO DE ENERGIA S.A.,AM GER TRANS,-
ARUG,Ambar Uruguaiana Energia S.A.,AMBARURUGUAI,-
ABEV,AMBEV S.A.,AMBEV S/A,-
AMMS,AMBIENTAL MS PANTANAL SPE S.A,AMBIENTAL MS,-
AMBP,AMBIPAR PARTICIPACOES E EMPREENDIMENTOS S/A,AMBIPAR,NM
ANET,AMERICA NET S.A.,AMERICA NET,-
AMER,AMERICANAS S.A,AMERICANAS,NM
CBEE,AMPLA ENERGIA E SERVICOS S.A.,AMPLA ENERG,-
ANDA,ANDALI AS,ANDALIAS,-
ANDH,ANDORINHA ENERGIAS RENOVAVEIS S/A,ANDORINHA,-
CANT,ANDRADE GUTIERREZ PARTICIPACOES S.A.,AGPART,-
AGUT,ANDRADE GUTIERREZ S/A,AGUTIERREZ,-
ANEM,ANEMUS WIND HOLDING S.A.,ANEMUS WIND,-
ANIM,ANIMA HOLDING S.A.,ANIMA,NM
ACES,APERAM INOX AMERICA DO SUL S.A.,APERAM,-
APOL,APOLLO 17 PARTICIPACOES S.A,APOLLO 17,-
ASPF,APSEN FARMACEUTICA S.A.,APSEN FARMA,-
AARJ,AQUA-RIO AQUARIO MARINHO DO RIO DE JANEIRO S/A,AQUARIO,-
ARSN,ARAUCARIA SANEAMENTO S/A,ARAUCARIA,-
INSU,Arco Insuretech S.A.,ARCOINSURETE,-
ARCV,ARCOVERDE TRANSMISSÃO DE ENERGIA S.A.,ARCOVERDE,-
ARPR,ARES 2 PARTICIPAÇÕES S.A.,ARES 2 PARTI,-
ARON,ARES ONE PARTICIPACOES S.A.,ARES ONE PAR,-
ARZZ,AREZZO INDÚSTRIA E COMÉRCIO S.A.,AREZZO CO,NM
ARML,ARMAC LOCAÇÃO. LOGÍSTICA E SERVIÇOS S.A.,ARMAC,NM
AMTE,ARMAZEM MATEUS S.A.,ARMAZEMMATEU,-
ARMB,ARMCO DO BRASIL S.A.,ARMCO,-
ARQU,ARTECOLA QUIMICA S.A.,ARTECOLA,-
CPNB,ARTHUR LUNDGREN TECIDOS S.A. - CASAS PERNAMBUCANAS,ARTHURLUNDG,-
ASAB,ASA BRANCA HOLDING S.A.,ASABRANCAH,-
ASCS,ASCENSUS GESTÃO E PARTICIPACOES S.A,ASCENSUS GES,-
ASCY,ASCENTY DATA CENTERS E TELECOMUNICACOES S/A,ASCENTYSA,-
CRFB,ATACADÃO S.A.,CARREFOUR BR,NM
LNDV,ATE V - LONDRINA TRANSMISSORA DE ENERGIA S/A,ATE V LONDRI,-
CNVI,ATE VI - CAMPOS NOVOS TRANSMISSORA DE ENERGIA S/A,ATE VI CAMPO,-
FVII,ATE VII FOZ DO IGUACU TRANSMISSORA DE ENERGIA S/A,ATE VII FOZ,-
ATEV,ATE VIII TRANSMISSORA DE ENERGIA S/A,ATE VIII TRA,-
ATEM,ATEMS DISTRIBUIDORA DE PETROLEO S/A,ATEMS,-
ATEB,ATENTO BRASIL S.A.,ATENTOBRASIL,-
ATDC,ATIVAS DATA CENTER S.A.,ATIVAS,-
ATVO,ATIVOS S/A SECURITIZADORA DE CREDITOS FINANCEIROS,ATIVOS,-
ATLE,ATLANTIC ENERGIAS RENOVAVEIS S/A,ATLANTIC,-
ATMP,ATMA PARTICIPAÇÕES S.A.,ATMASA,NM
ATOM,ATOM EMPREENDIMENTOS E PARTICIPAÇÕES S.A.,ATOMPAR,-
ATRM,ATRIUM EMPREENDIMENTOS IMOBILIARIOS S/A,ATRIUMEMP,-
ATVS,ATVOS AGROINDUSTRIAL PARTICIPACOES SA,ATVOSAGRO,-
AUCK,AUCKLAND PARTICIPACOES S.A.,AUCKLAND,-
AALM,AURA ALMAS MINERAÇÃO S.A.,AURAALMASMIN,-
AURA,AURA MINERALS INC.,AURA 360,DR3
AURT,AURATUS EMPREENDIMENTOS IMOBILIARIOS S/A,AURATUS,-
AURE,AUREN ENERGIA S.A.,AUREN,NM
RICI,AUTO RICCI S.A.,AUTORICCI,-
AUUT,AUTOPASS S.A.,AUTOPASS S/A,-
ATRD,AUTOSTRADE CONCESSOES E PARTICIPAÇÕES BRASIL LTDA.,AUTOSTRADE,-
AZEV,AZEVEDO E TRAVASSOS S.A.,AZEVEDO,-
AZLA,AZUL LINHAS AEREAS BRASILEIRAS S.A.,AZULAEREAS,-
AZUL,AZUL S.A.,AZUL,N2
B3SA,B3 S.A. - BRASIL. BOLSA. BALCÃO,B3,NM
BAHI,BAHEMA EDUCAÇÃO S.A.,BAHEMA,MA
PCHB,BAHIA PCH I S/A,BAHIAPCH,-
BBHI,BANCO BOCOM BBM S/A,BOCOMBBMBM,-
BAJR,BANCO A.J.RENNER S/A,AJRENNERBM,-
BCRD,BANCO ABN AMRO S.A.,ABNBM,-
LMON,BANCO ANDBANK (BRASIL) S/A,ANDBANKBM,-
BBMF,BANCO B3 S.A.,BCOB3BC,-
BDEP,BANCO BANDEPE S/A,BANDEPEBM,-
BMGB,BANCO BMG S.A.,BANCO BMG,N1
BIBI,BANCO BRADESCARD S.A.,BRADESCARDBM,-
IAME,BANCO BRADESCO CARTOES S/A,BRADCARBM,-
ZYQZ,BANCO BRADESCO FINANCIAMENTOS S/A,BRADESCOFINA,-
BCXG,BANCO CAIXA GERAL BRASIL S/A,CAIXAGERALBM,-
BCAP,BANCO CAPITAL S/A,CAPITALBM,-
BCGL,BANCO CARGILL S/A,CARGILLBM,-
CTPL,BANCO CATERPILLAR S/A,CATERPILLARB,-
ITAM,BANCO CBSS S.A.,CBSSBM,-
BBGN,BANCO CETELEM S/A,BCOCETELEMBM,-
BGEC,BANCO CIFRA S/A,CIFRABM,-
CITI,BANCO CITIBANK S/A,CITIBM,-
CLAS,BANCO CLASSICO S/A,CLASSICOBM,-
CNHC,BANCO CNH INDUSTRIAL CAPITAL S/A,CNHCAPITALBM,-
SCDI,BANCO COOPERATIVO SICREDI S/A,SICREDIBM,-
BCLB,BANCO CREDIT AGRICOLE BRASIL S/A,AGRICOLEBM,-
BPNB,BANCO CREFISA S.A.,CREFISABC,-
BCSF,BANCO CSF S/A,CSFBM,-
BCHN,BANCO DA CHINA BRASIL S/A,CHINABM,-
BIFB,BANCO DE INVESTIMENTOS CREDIT SUISSE BRASIL S/A,SUISSEBI,-
BNAR,BANCO DE LA NACION ARGENTINA,LANACIONARGE,-
LAGE,BANCO DE LAGE LANDEN BRASIL S/A,LAGEBM,-
FTOR,BANCO FATOR S/A,FATORBM,-
BFIB,BANCO FIBRA S/A,FIBRABM,-
FICS,BANCO FICSA S/A,FICSABM,-
BFIA,BANCO FIDIS S/A,BANCOFIDISBM,-
BFRD,BANCO FORD S/A,FORDBM,-
BCGM,BANCO GMAC S.A.,GMACBM,-
GNBR,BANCO GUANABARA S/A,GUANABARABM,-
BCHD,BANCO HONDA S/A,HONDABM,-
IBML,BANCO IBM S/A,IBMBM,-
BSTD,BANCO INBURSA S/A,INBURSABM,-
BIDI,BANCO INTER S.A.,BANCO INTER,N2
BNRJ,BANCO ITAU CONSIGNADO S/A,ITAUCONSBM,-
BCFT,BANCO ITAU VEICULOS S/A,ITAUVEICULOS,-
ITBB,BANCO ITAU-BBA S/A,BBABM,-
ITAC,BANCO ITAUCARD S/A,ITAUCARDBM,-
FNTC,BANCO ITAUCRED FINANCIAMENTOS S/A,ITAUCREDBM,-
SAFR,BANCO J. SAFRA S/A,JSAFRABM,-
JPMG,BANCO J.P. MORGAN S/A,JPMORGANBM,-
BKEB,BANCO KEB HANA DO BRASIL S/A,KEBBC,-
HSBI,BANCO LOSANGO S/A - BM,LOSANGOBM,-
LUSO,BANCO LUSO BRASILEIRO S/A,LUSOBRASILEI,-
BMXM,BANCO MAXIMA S/A,MAXIMABC,-
DCLS,BANCO MERCEDES BENZ DO BRASIL S/A,MERCEDESBBM,-
WTLB,BANCO MIZUHO DO BRASIL S.A.,MIZUHOBM,-
MODL,BANCO MODAL S.A,MODALMAIS,N2
MSDW,BANCO MORGAN STANLEY S.A.,MORGANSTANLE,-
BTMB,BANCO MUFG BRASIL S.A.,MUFGBM,-
BNSC,BANCO OLE BONSUCESSO CONSIGNADO S.A,BONSUCESSOCO,-
JBSB,BANCO ORIGINAL DO AGRONEGOCIO S/A,ORIGINALAGRO,-
BMTN,BANCO ORIGINAL S/A,ORIGINALBM,-
ORIV,BANCO OURINVEST S.A.,OURINVESTBM,-
BPSA,BANCO PSA FINANCE BRASIL S/A,PSAFINANCEBM,-
RBBK,BANCO RABOBANK INTERNATIONAL BRASIL S/A,RABOBANKBM,-
REND,BANCO RENDIMENTO S.A.,RENDIMENTOBC,-
BRED,BANCO RODOBENS S/A,RODOBENSBM,-
BSAF,BANCO SAFRA S/A,SAFRABM,-
EBLM,BANCO SEMEAR S/A,SEMEARBM,-
BBRA,BANCO SISTEMA S/A,BCOSISTEMABM,-
SMTM,BANCO SUMITOMO MITSUI BRASILEIRO S/A,SUMITOMOBM,-
TPZB,BANCO TOPAZIO S/A,TOPAZIOBM,-
BTOY,BANCO TOYOTA DO BRASIL S/A,BCOTOYOTABM,-
TCRY,BANCO TRICURY S/A,TRICURYBM,-
VIPL,BANCO VIPAL S/A,VIPALBM,-
BVLV,BANCO VOLVO BRASIL S/A,VOLVOBM,-
BCVR,BANCO VR S/A,VRBM,-
YAHA,BANCO YAMAHA MOTOR DO BRASIL S/A,YAMAHABM,-
BNDC,BANDA DE COURO ENERGETICA S/A,BANDADECOURO,-
BEES,BANESTES S.A. - BCO EST ESPIRITO SANTO,BANESTES,-
BMLI,BANK OF AMERICA MERRILL LYNCH BANCO MULTIPLO S/A,MERRILLLYNCH,-
TFSP,BARAO DE TEFE SPE EMPREENDIMENTOS IMOBILIARIOS S.A,TEFE,-
BREG,BARAUNAS II ENERGETICA S/A,BARAUNASII,-
BRCA,BARCAS S.A. - TRANSPORTES MARITIMOS,BARCAS,-
BDLL,BARDELLA S.A. INDUSTRIAS MECANICAS,BARDELLA,-
BRGU,BARIGUI COMPANHIA HIPOTECARIA,BARIGUICH,-
BALM,BAUMER S.A.,BAUMER,-
BMNS,BAUMINAS LOG E TRANSPORTES S.A,BAUMINASLOG,-
BRLS,BB LEASING S/A ARREND MERCANTIL,BBAM,-
BBSE,BB SEGURIDADE PARTICIPAÇÕES S.A.,BBSEGURIDADE,NM
BBMD,BBM DB INCORPORACAO S. A.,DBSA,-
BBML,BBM LOGISTICA S.A.,BBMLOGISTICA,MA
CCDB,BBN BANCO BRASILEIRO DE NEGOCIOS S/A,BBNEGBM,-
BBOP,BBO PARTICIPACOES S/A,BBOSA,-
BCLV,BCLV COMERCIO DE VEICULOS S.A.,BCLV,-
ABCB,BCO ABC BRASIL S.A.,ABC BRASIL,N2
BRIV,BCO ALFA DE INVESTIMENTO S.A.,ALFA INVEST,-
BAZA,BCO AMAZONIA S.A.,AMAZONIA,-
BBDC,BCO BRADESCO S.A.,BRADESCO,N1
BBAS,BCO BRASIL S.A.,BRASIL,NM
BPAC,BCO BTG PACTUAL S.A.,BTGP BANCO,N2
CEFI,BCO CEDULA S/A.,CEDULA,-
BGIP,BCO ESTADO DE SERGIPE S.A. - BANESE,BANESE,-
BPAR,BCO ESTADO DO PARA S.A.,BANPARA,-
BRSR,BCO ESTADO DO RIO GRANDE DO SUL S.A.,BANRISUL,N1
ITCP,BCO INTERCAP S/A,INTERCAPBM,-
BMAX,BCO MAXINVEST S.A,MAXINVESTBM,-
BMIN,BCO MERCANTIL DE INVESTIMENTOS S.A.,MERC INVEST,-
BMEB,BCO MERCANTIL DO BRASIL S.A.,MERC BRASIL,N1
BNBR,BCO NORDESTE DO BRASIL S.A.,NORD BRASIL,-
BPAN,BCO PAN S.A.,BANCO PAN,N1
PINE,BCO PINE S.A.,PINE,N2
RBPT,BCO RIBEIRAO PRETO S/A,RIBEIRAOPRET,-
SANB,BCO SANTANDER (BRASIL) S.A.,SANTANDER BR,-
SFSA,BCO SOFISA S.A.,SOFISABM,-
BVKW,BCO VOLKSWAGEN S/A,VOLKSWAGENBM,-
ZXSZ,BCO VOTORANTIM S/A,VOTORANTIMBM,-
SCHI,BCV - BANCO DE CREDITO E VAREJO S/A,BCVBM,-
BDWP,BDWPART HOLDING E PARTICIPAÇÕES S.A,BDWPART HOLD,-
BEPK,BEACH PARK HOTEIS E TURISMO S/A,BEACH PARK,-
BELA,BELAGRICOLA COMERCIO E REPRESENTACOES DE PRODUTOS,BELAGRICOLA,-
BBIO,BELEM BIOENERGIA BRASIL S/A,BELEMBIO,-
BLMN,BELO MONTE TRANSMISSORA DE ENERGIA SPE S.A.,BELOMONTE,-
BMOB,BEMOBI MOBILE TECH S.A.,BEMOBI TECH,NM
BMOL,BEMOL S.A.,BEMOL S.A.,-
BRGM,BERGAMO COMÉRCIO LTDA.,BERGAMOCOMER,-
CBLT,BETANIA LACTEOS S.A.,BETANIA LACT,-
BETP,BETAPART PARTICIPACOES S.A.,BETAPART,MB
BHGR,BHG S.A. - BRAZIL HOSPITALITY GROUP,BHGSA,-
BMKS,BICICLETAS MONARK S.A.,BIC MONARK,-
BGEN,BINGEN SECURITIZADORA S/A,BINGENSEC,-
BION,BIOENERGETICA VALE DO PARACATU S/A.,BIOPARACATU,-
BFLE,BIOFLEX AGROINDUSTRIAL S.A.,BIOFLEX,-
BIOM,BIOMM S.A.,BIOMM,MA
LDCS,BIOSEV BIOENERGIA S/A,BIOSEVDIS,-
BIZC,BIZCAPITAL COMPANHIA SECURITIZADORA DE CREDITOS FI,BIZCAPITAL,-
BKBR,BK BRASIL OPERAÇÃO E ASSESSORIA A RESTAURANTES SA,BK BRASIL,NM
BLAU,BLAU FARMACÊUTICA S.A.,BLAU,NM
BLOC,BLOCK FINANCIAL HOLDINGS DO BRASIL S.A.,BLOCK FINANC,-
BLUT,BLUE TECH SOLUTIONS E.Q.I. S,B TECH EQI,-
BMEP,BM EMPREENDIMENTOS E PARTICIPACOES SPE S.A.,BMSA,-
BMHY,BMC HYUNDAI S.A.,BMCHYUNDAI,-
BMYE,BMYE PARTICIPAÇÕES S.A.,BMYE PARTICI,-
BNDP,BNDES PARTICIPACOES S.A. - BNDESPAR,BNDESPAR,MB
BNYM,BNY MELLON BANCO S.A.,BNYMELLONBC,-
BNMS,BNY MELLON SERVICOS FINANCEIROS DTVM S.A,MELLONDTVM,-
SOJA,BOA SAFRA SEMENTES S.A.,BOA SAFRA,NM
BOAS,BOA VISTA SERVIÇOS S.A.,BOA VISTA,NM
BLTZ,BOLTZMANN EMPREENDIMENTOS E PARTICIPAÇÕES S.A.,BOLTZMANN EM,-
BOBR,BOMBRIL S.A.,BOMBRIL,-
BNOM,Bon Nome Solar Participacoes S.A.,BONNOMESOLAR,-
BGCE,BONFIM GERACAO E COMERCIO DE ENERGIA SPE S/A,BONFIM GERAC,-
BBRM,Borborema Transmissao de Energia S.A.,BORBTRANSENE,-
BORG,BORGATO MAQUINAS S/A,BORGATO,-
BRBI,BR ADVISORY PARTNERS PARTICIPAÇÕES S.A.,BR PARTNERS,N2
BRML,BR MALLS PARTICIPACOES S.A.,BR MALLS PAR,NM
BRPT,BR PARTNERS BANCO DE INVESTIMENTO S.A.,BRPARTNERSBI,-
BRPR,BR PROPERTIES S.A.,BR PROPERT,NM
BDLS,BRADESCO LEASING S.A. ARREND MERCANTIL,BRADESCO LSG,-
BRAP,BRADESPAR S.A.,BRADESPAR,N1
BRDO,BRADO LOGISTICA S. A.,BRADOSA,-
BRFA,BRAINFARMA INDUSTRIA QUIMICA E FARMACEUTICA S/A,BRAINFARMA,-
BBNK,BRASBUNKER PARTICIPACOES S/A,BRASBUNKER,-
BRSH,BRASHOP S/A,BRASHOPSA,-
BBRK,BRASIL BROKERS PARTICIPACOES S.A.,BR BROKERS,NM
BPCH,BRASIL PCH S.A.,BRASIL PCH,-
BPLR,BRASIL PLURAL S/A - BANCO MULTIPLO,BRASILPLURAL,-
AGRO,BRASILAGRO - CIA BRAS DE PROP AGRICOLAS,BRASILAGRO,NM
BPSE,BRASILPREV SEGUROS E PREVIDÊNCIA S.A.,BRASILPREV S,-
BRKM,BRASKEM S.A.,BRASKEM,N1
MNTI,BRASOIL MANATI EXPLORACAO PETROLIFERA S.A.,BRASOILPETRO,-
BRVB,BRAVO BEEF S/A,BRAVOBEEFSA,-
BZRS,BRAZIL REALTY CIA SECURIT. CRÉD. IMOBILIÁRIOS,BRAZIL REALT,-
BFRE,BRAZILIAN FINANCE E REAL ESTATE S.A.,BRAZILIAN FR,-
BSCS,BRAZILIAN SECURITIES CIA SECURITIZACAO,BRAZILIAN SC,-
BRBC,BRB CFI S/A,BRBCFI,-
BSLI,BRB BCO DE BRASILIA S.A.,BRB BANCO,-
BTNR,BREITENER HOLDING E PARTICIPAÇÕES S.A.,BREITENERHOL,-
BRND,BRENNAND ENERGIA S.A.,BRENNAND,-
BHFI,BRES HENRY FORD EMPREENDIMENTOS IMOBILIÁRIOS LTDA.,BRES HENRY F,-
BRMU,BRESCO MURICI EMPREENDIMENTOS IMOBILIÁRIOS LTDA.,BRESCO MURIC,-
BRFS,BRF S.A.,BRF SA,NM
BRTE,BRILHANTE TRANSMISSORA DE ENERGIA S.A.,BRILHANTEENE,-
BRNX,BRINOX METALURGICA S.A.,BRINOX,-
BRIT,BRISANET PARTICIPAÇÕES S.A.,BRISANET,NM
BRST,BRISANET SERVIÇOS DE TELECOMUNICAÇÕES S.A.,BRISANET SER,-
BREL,BRITANIA ELETRODOMESTICOS S.A,BRITANIA,-
ODBM,BRK AMBIENTAL - MANSO S.A.,BRKAMBIENTAL,-
RMSA,BRK AMBIENTAL - REGIÃO METROPOLITANA DE MACEIÓ S.A,BRK AMBIENTA,-
SROP,BRK AMBIENTAL - RIO DAS OSTRAS PARTICIPACOES S.A,BRKRIODASOST,-
ODBH,BRK AMBIENTAL - SUMARE S.A,BRKSUMARE,-
BRKB,BRK AMBIENTAL  BLUMENAU S.A.,BRKAMBIENTA,-
BRKC,BRK AMBIENTAL  CAÇADOR S.A.,BRKAMBCACADO,-
FOZG,BRK AMBIENTAL  GOIÁS S.A.,BRKAMBGOIAS,-
BRKN,BRK AMBIENTAL CENTRO NORTE PARTICIPACOES S.A.,BRKCENTRONOR,-
FOZS,BRK AMBIENTAL REGIAO METROPOLITANA DO RECIFE/GOIAN,RECIFEGOIANA,-
BRKL,BRK S/A CREDITO FINANCIAMENTO E INVESTIMENTO,BRKCFI,-
BCAN,BRKB DTVM S/A,BRKBDTVM,-
BKFE,BROOKFIELD ENERGIA RENOVAVEL S.A.,BROOKFIELDEN,-
WTVR,BRPR 56 SECURITIZADORA CRED IMOB S.A.,BRPR 56 SEC,-
BRQB,BRQ SOLUCOES EM INFORMATICA S.A.,BRQ,MA
BRVI,BRVIAS S/A,BRVIAS,-
BSBE,BSB ENERGETICA S.A.,BSBENERGETIC,-
BSME,BSM ENGENHARIA S.A,BSME,-
BTGH,BTG PACTUAL HOLDING S.A.,BTGHOLDING,-
CAIV,CA INVESTMENT (BRAZIL) S.A.,CAINVESTMENT,-
CABA,CAB AGUAS DO AGRESTE S/A,CABAGUASAGRE,-
CABI,CABINDA PARTICIPACOES S.A.,CABINDA PART,MB
CPTE,CACHOEIRA PAULISTA TRANSMISSORA ENERGIA S.A.,CACHOEIRA,MB
CACO,CACONDE PARTICIPACOES S.A.,CACONDE PART,MB
CAEP,CAEP - CENTRAL ABRIL EDUCACAO E PARTICIPACOES S.A,ABRILEDUCACA,-
CAIT,CAIUA TRANSMISSORA DE ENERGIA S.A.,CAIUAENERGIA,-
CXSE,CAIXA SEGURIDADE PARTICIPAÇÕES S.A.,CAIXA SEGURI,NM
CLMO,CALAMO DISTRIBUIDORA DE PRODUTOS DE BELEZA S.A.,CALAMO,-
CLNG,CALANGO 6 ENERGIA RENOVAVEL S.A.,CALANGO6,-
CLGE,CALDEIRÃO GRANDE ENERGIAS RENOVÁVEIS S.A.,CALDEIRÃO GR,-
CNOR,CALOI NORTE S.A.,CALOINORTE,-
CCCP,CAMARGO CORREA CONSTRUCOES E PARTICIPACOES S.A,CAMCORPART,-
CCIM,CAMARGO CORREA DESENV. IMOBILIARIO S.A.,CC DES IMOB,-
CCIF,CAMARGO CORREA INVESTIMENTOS EM INFRA-ESTRUTURA S/,CAMARGOINFRA,-
CCHO,CAMARGO CORREA S/A,CAMARGO,-
CAMB,CAMBUCI S.A.,CAMBUCI,-
CAML,CAMIL ALIMENTOS S.A.,CAMIL,NM
CFMS,CAMPO FORMOSO I ENERGIAS RENOVAVEIS S/A,CAMPOFORMOSO,-
CMFI,CAMPO FORMOSO II ENERGIAS RENOVAVEIS S.A,CAMPOII,-
CPVV,CAMPOS DOS VENTOS V ENERGIAS RENOVAVEIS S.A.,CAMPOSVENTOS,-
CNEN,CAMPOS NOVOS ENERGIA S/A,CAMPOSNOVOS,-
CNBE,CANABRAVA ENERGETICA S/A,CANABRAVA,-
CGCE,CANTA GERACAO E COMERCIO DE ENERGIA SPE S/A,CANTAGERACAO,-
CTRR,CANTAREIRA TRANSMISSORA DE ENERGIA S/A,CANTAREIRA,-
CRNI,CAPRICORNIO S.A.,CAPRICORNIO,-
CRHF,Carbon Holding Financeira S.A.,CARBON HOLD,-
CTGO,CARTA GOIAS INDUSTRIA E COMERCIO DE PAPEIS S.A.,CARTAGOIAS,-
CRUN,CARUANA S/A PARTICIPACOES E EMPREENDIMENTOS,CARUANAPART,-
CARU,CARUANA S/A SOCIEDADE DE CREDITO FINANCIAMENTO E I,CARUANACFI,-
HOSK,CARVALHO HOSKEN S/A ENGENHARIA E CONSTRUCOES,CARVALHOHOSK,-
CVRJ,CASA E VIDEO RIO DE JANEIRO S/A,CASAEVIDEO,-
CVAN,CAVAN ROCBRA INDUSTRIA E COMERCIO DE PRE MOLDADOS,CAVANROCBRA,-
CBOS,CBO SERVICOS MARITIMOS LTDA,CBOSERVMARIT,-
CCAB,CCAB AGRO S.A.,CCAB,-
SLFN,CCB BRASIL S/A CREDITO FINANCIAMENTOS E INVESTIMEN,CCBBRASILCFI,-
CCPM,CCP MARFIM EMPREENDIMENTOS IMOBILIARIOS S/A,CCP MARFIM,-
CCRO,CCR S.A.,CCR SA,NM
CEAD,CEA II CENTRAIS EOLICAS ASSURUA II SPE S/A,CEAII,-
CEIV,CEA IV - CENTRAIS EOLICAS ASSURUA IV SPE S.A.,CEAIVCENTRAI,-
CEAB,CEA MODAS S.A.,CEA MODAS,NM
CLEX,CELEO REDES EXPANSÕES S.A.,CELEO REDES,-
CLCD,CELESC DISTRIBUICAO S.A.,CELESC DISTR,-
CLGR,CELESC GERACAO AS,CELESC GERAC,-
CGOS,CELG DISTRIBUICAO S.A. - CELG D,CELG,-
CESE,CELSE - CENTRAIS ELETRICAS DE SERGIPE S.A.,CELSESERGIPE,-
MAPT,CEMEPE INVESTIMENTOS S.A.,CEMEPE,-
CMCB,CEMIG CAPIM BRANCO ENERGIA S.A.,CAPIMBRANCO,-
CMGD,CEMIG DISTRIBUICAO S.A.,CEMIG DIST,-
CMGT,CEMIG GERACAO E TRANSMISSAO S.A.,CEMIG GT,-
ELET,CENTRAIS ELET BRAS S.A. - ELETROBRAS,ELETROBRAS,N1
CLSC,CENTRAIS ELET DE SANTA CATARINA S.A.,CELESC,N2
EPSA,CENTRAIS ELETRICAS DA PARAIBA S/A - EPASA,EPASA,-
CEPR,CENTRAIS ELETRICAS DE PERNAMBUCO S.A - EPESA,EPESA,-
ELTN,CENTRAIS ELETRICAS NORTE BRASIL S.A. ELETRONORTE,ELETRONORTE,-
SSRU,CENTRAIS EOLICAS ASSURUA I SPE S.A.,ASSURUAISPE,-
CEOL,CENTRAIS EOLICAS DE CAETITE PARTICIPACOES S/A,CAETITEPART,-
EANG,CENTRAL EOLICA ANGICAL S.A.,ANGICAL,-
EBFU,CENTRAL EOLICA BAIXA DO FEIJAO I S.A.,EOLICAFEIJAO,-
EBFD,CENTRAL EOLICA BAIXA DO FEIJAO II S/A,EOLICAFEIJAO,-
EBFT,CENTRAL EOLICA BAIXA DO FEIJAO III S.A,EOLICAFEIJAO,-
EBFQ,CENTRAL EOLICA BAIXA DO FEIJAO IV S.A,EOLICAFEIJAO,-
ECTT,CENTRAL EOLICA CAITITU S.A.,CAITITU,-
ECOQ,CENTRAL EOLICA COQUEIRINHO S.A.,COQUEIRINHO,-
ECRP,CENTRAL EOLICA CORRUPIAO S.A.,CORRUPIAO,-
EINH,CENTRAL EOLICA INHAMBU S.A.,INHAMBU,-
EOSP,CENTRAL EOLICA SANTO ANTONIO DE PADUA S/A,STOANTONIOPA,-
EOSC,CENTRAL EOLICA SAO CRISTOVAO S.A.,SAOCRISTOVAO,-
EOSJ,CENTRAL EOLICA SAO JORGE S.A.,SAOJORGE,-
ETMD,CENTRAL EOLICA TAMANDUA MIRIM S/A,EOLICATAMAND,-
TEIU,CENTRAL EOLICA TEIU S.A.,EOLICATEIU,-
CETS,CENTRAL EÓLICA TERRA SANTA SPE I S.A.,E TERRASANTA,-
ECOL,CENTRAL GERADORA EOLICA COLONIA S.A.,COLONIA,-
EICA,CENTRAL GERADORA EOLICA ICARAI I S.A.,ICARAII,-
EICD,CENTRAL GERADORA EOLICA ICARAI II S.A.,ICARAIII,-
EAGU,CENTRAL GERADORA EOLICA TAIBA AGUIA S.A.,TAIBAAGUIA,-
EAND,CENTRAL GERADORA EOLICA TAIBA ANDORINHA S.A.,EOLICATAIBA,-
HITC,CENTRAL HIDRELETRICA PALMEIRAS DO TOCANTINS S.A.,CHPALTOCANTI,-
SUCU,CENTRAL HIDRELETRICA SUCURI S.A.,CHSUCURI,-
AALR,CENTRO DE IMAGEM DIAGNOSTICOS S.A.,ALLIAR,NM
CEOS,CEOS ADMINISTRADORA DE BENS S.A.,CEOSADM,-
CDER,CER - COMPANHIA DE ENERGIAS RENOVAVEIS,CERENERGIAS,-
CERN,CERAN - COMPANHIA ENERGETICA RIO DAS ANTAS,CERAN,-
UCAA,CERRADINHO ACUCAR ETANOL E ENERGIA S.A.,CERRADINHOEN,-
CERR,CERRADINHO BIOENERGIA S.A.,CERRADINHO,-
CESP,CESP - CIA ENERGETICA DE SAO PAULO,CESP,N1
CTRL,CETREL S/A,CETREL,-
CHPA,CHAPADA DO PIAUI I HOLDING S.A.,CHAPADAI,-
CHBR,CHB-COMPANHIA HIPOTECARIA BRASILEIRA,CHBCH,-
BICB,CHINA CONSTRUCTION BANK (BRASIL) BCO MULTIPLO S.A.,CCBBM,-
CIEI,CI 004 EMPREENDIMENTOS IMOBILIARIOS LTDA,CI 004 EMPR,-
ARAM,CIA AGROPECUARIA DO ARAME,AGROP ARAME,MB
PCAR,CIA BRASILEIRA DE DISTRIBUICAO,P.ACUCAR-CBD,NM
CASN,CIA CATARINENSE DE AGUAS E SANEAM.-CASAN,CASAN,-
GPAR,CIA CELG DE PARTICIPACOES - CELGPAR,CELGPAR,-
FTSA,CIA DE FIACAO E TECIDOS SANTO ANTONIO,FIAC S ANTON,MB
CEGR,CIA DISTRIB DE GAS DO RIO DE JANEIRO-CEG,CEG,-
CEEB,CIA ELETRICIDADE EST. DA BAHIA - COELBA,COELBA,-
CEBR,CIA ENERGETICA DE BRASILIA,CEB,-
CMIG,CIA ENERGETICA DE MINAS GERAIS - CEMIG,CEMIG,N1
CEPE,CIA ENERGETICA DE PERNAMBUCO - CELPE,CELPE,-
COCE,CIA ENERGETICA DO CEARA - COELCE,COELCE,-
CSRN,CIA ENERGETICA DO RIO GDE NORTE - COSERN,COSERN,-
CEED,CIA ESTADUAL DE DISTRIB ENER ELET-CEEE-D,CEEE-D,-
EEEL,CIA ESTADUAL DE TRANSMISSÃO DE ENER. ELET-CEEE-T,CEEE-T,N1
FESA,CIA FERRO LIGAS DA BAHIA - FERBASA,FERBASA,N1
CEDO,CIA FIACAO TECIDOS CEDRO CACHOEIRA,CEDRO,N1
CGAS,CIA GAS DE SAO PAULO - COMGAS,COMGAS,-
CTGE,CIA GERAÇÃO E TRANSMISSÃO DE ENERG ELETR SUL DO BR,CGTELETROSUL,-
HBTS,CIA HABITASUL DE PARTICIPACOES,HABITASUL,-
CATA,CIA INDUSTRIAL CATAGUASES,IND CATAGUAS,-
LCAM,CIA LOCAÇÃO DAS AMÉRICAS,LOCAMERICA,NM
MSPA,CIA MELHORAMENTOS DE SAO PAULO,MELHOR SP,-
CPLE,CIA PARANAENSE DE ENERGIA - COPEL,COPEL,N2
PEAB,CIA PARTICIPACOES ALIANCA DA BAHIA,PAR AL BAHIA,-
PALF,CIA PAULISTA DE FORCA E LUZ,PAUL F LUZ,-
CPFP,CIA PIRATININGA DE FORCA E LUZ,CPFL PIRATIN,-
SBSP,CIA SANEAMENTO BASICO EST SAO PAULO,SABESP,NM
CSMG,CIA SANEAMENTO DE MINAS GERAIS-COPASA MG,COPASA,NM
SAPR,CIA SANEAMENTO DO PARANA - SANEPAR,SANEPAR,N2
CRCG,CIA SECURIT. DE CRÉDITOS FINA. CARTOES CONSIG. II,CIASECURIT,-
CRFN,CIA SECURITIZ. DE CRÉDITOS FINANCEIROS VERT PROVI,VERT PROVI,-
SCVR,CIA SECURITIZADORA DE CREDITOS FINANCEIROS VERT 2,CIASECVERT 2,-
CSAB,CIA SEGUROS ALIANCA DA BAHIA,SEG AL BAHIA,-
CSNA,CIA SIDERURGICA NACIONAL,SID NACIONAL,-
CTNM,CIA TECIDOS NORTE DE MINAS COTEMINAS,COTEMINAS,-
CTSA,CIA TECIDOS SANTANENSE,SANTANENSE,-
CIBP,CIBE ENERGIA E PARTICIPACOES S. A.,CIBE,-
CDDN,CIDADANIA PARTICIPACOES S.A.,CIDADANIA,-
CMRV,CIDADE MARAVILHOSA IND. E COM. DE ROUPAS S.A.,CIDADE MARAV,-
CIEL,CIELO S.A.,CIELO,NM
CSCS,CIFRA S/A CREDITO FINANCIAMENTO E INVESTIMENTO,CIFRACFI,-
CIMA,CIMAR - CIMENTOS DO MARANHAO S.A.,CIMAR,-
CIME,CIMED INDUSTRIA DE MEDICAMENTOS LTDA.,CIMED INDUST,-
CMSA,CIMS S.A.,CIMS,-
CINL,CINEL ALIMENTOS COM IMP EXP SA,CINEL,-
CNSY,CINESYSTEM S.A.,CINESYSTEM,MA
CIPS,CIPASA DESENVOLVIMENTO URBANO S/A,CIPASA,-
CIIH,CIRANDA II HOLDING S.A.,CIRANDAIIHOL,-
CLRN,CLARINDO PARTICIPACOES E INVESTIMENTOS S/A,CLARINDOPART,-
BCPS,CLARO S.A.,CLAROSA,-
CLSA,CLEAR SALE S.A.,CLEARSALE,NM
DFNG,CLINICA DELFIN GONZALEZ MIRANDA S.A.,CLINICADELFI,-
VVEO,CM HOSPITALAR S.A.,VIVEO,NM
CODE,CODEME ENGENHARIA S/A,CODEME,-
COGN,COGNA EDUCAÇÃO S.A.,COGNA ON,NM
VMSA,COLEGIO VIMASA S.A,VIMASA,-
CLNS,COLINAS TRANSMISSORA DE ENERGIA ELÉTRICA S/A,COLINAS ENER,-
CLAG,COLOMBO AGROINDÚSTRIA S/A,COLOMBO AGRO,-
CLND,COLUMBIA DO NORDESTE S/A,COLUMBIA,-
COMR,COMERC PARTICIPACOES S.A.,COMERC PAR,-
DPAS,COMERCIAL AUTOMOTIVA S/A,COMERCIALSA,-
CFRI,COMFRIO SOLUCOES LOGISTICAS S. A.,COMFRIO,-
CAES,COMPANHIA ADMINISTRADORA DE EMPREENDIMENTOS E SERV,CIASERVICOS,-
JCRZ,COMPANHIA AGRICOLA USINA JACAREZINHO,CIAJACAREZIN,-
ITPE,COMPANHIA AGUAS DE ITAPEMA,AGUASDEITAPE,-
BAUE,COMPANHIA BAUER RJ - ATIVIDADES AGROPECUARIAS E P,BAUERRJ,-
CBAV,Companhia Brasileira de Alumínio,CBA,NM
CBBP,COMPANHIA BRASILEIRA DE BEBIDAS PREMIUM,PREMIUM,-
EDSE,COMPANHIA BRASILEIRA DE EDUCAÇÃO E SISTEMAS DE ENS,COMPANHIA BR,-
CBVP,COMPANHIA BRASILEIRA DE VIDROS PLANOS - CBVP,CIABRAVIDROS,-
CDMG,COMPANHIA DE DESENVOLVIMENTO ECONOMICO DE MINAS G,CODEMIG,-
GASM,COMPANHIA DE GAS DE MINAS GERAIS GASMIG,GASMIG,-
CPCC,COMPANHIA DE PARTICIPACOES EM CONCESSOES,CIA PART CON,-
MTBA,COMPANHIA DO METRO DA BAHIA,METRODABAHIA,-
CNDS,COMPANHIA ENERGETICA CANDEIAS,ENERGCANDEIA,-
CEJA,COMPANHIA ENERGETICA DO JARI - CEJA,CEJA,-
PTGR,COMPANHIA ENERGETICA POTIGUAR,POTIGUAR,-
CFLO,COMPANHIA FORCA E LUZ DO OESTE,LUZDOOESTE,-
CPJG,COMPANHIA JAGUARI DE ENERGIA,CIAJAGUARI,-
LIGN,COMPANHIA LIGNA DE INVESTIMENTOS,CIALIGNA,-
CMNP,COMPANHIA MELHORAMENTOS NORTE DO PARANA,CIAPARANA,-
MTRN,COMPANHIA METRO NORTE,METRONORTE,-
CPNA,COMPANHIA NACIONAL DE ALCOOL,CIAALCOOL,-
NEEC,COMPANHIA NACIONAL DE ENERGIA ELETRICA,COMPNACIONAL,-
CPGS,COMPANHIA PARANAENSE DE GAS COMPAGAS,COMPAGAS,-
RPAY,Companhia Sec. de Cred. Fin. VERT-Recargapay,RECARGAPAYVE,-
VCP7,COMPANHIA SEC. DE CRED. IMOB. VERT-7,VERT-7,-
GYRA,COMPANHIA SEC. DE CREDITOS FINANCEIROS VERT-GYRA,VERTGYRA,-
VOLC,COMPANHIA SECURITIZADORA DE CREDITOS FINANCEIROS V,COMSECREDFIN,-
CFVT,COMPANHIA SECURITIZADORA DE CREDITOS FINANCEIROS V,COMPANHIASEC,-
VUME,COMPANHIA SECURITIZADORA DE CREDITOS FINANCEIROS V,COMPSECURIT,-
IOUU,COMPANHIA SECURITIZADORA DE CRÉDITOS FINANCEIROS V,COMPANHIA SE,-
SULD,COMPANHIA SULAMERICANA DE DISTRIBUIÇÃO,SULAMERICANA,-
TRSR,COMPANHIA TRANSIRAPE DE TRANSMISSAO,TRANSIRAPE,-
TRLT,COMPANHIA TRANSLESTE DE TRANSMISSAO,TRANSLESTE,-
TRSU,COMPANHIA TRANSUDESTE DE TRANSMISSAO,TRANSUDESTE,-
PASS,COMPASS GAS E ENERGIA S.A.,COMPASS,-
MACN,COMPLEXO MARACANA ENTRETENIMENTO S.A.,MARACANA,-
CXER,COMPLEXO MORRINHOS ENERGIAS RENOVAVEIS S.A.,MORRINHOSENE,-
CPOR,COMPORTE PARTICIPACOES S.A.,COMPORTEPART,-
CCNS,CONASA COMPANHIA NACIONAL SANEAMENTO,CONASA COMPA,-
CNSA,CONASA SPE S.A.,CONASA,-
RPTA,CONC AUTO RAPOSO TAVARES S.A.,CONC RAPOSO,-
AGRU,CONC DO AEROPORTO INTERNACIONAL DE GUARULHOS S.A.,GRUAIRPORT,MB
ECOV,CONC ECOVIAS IMIGRANTES S.A.,ECOVIAS,-
CRTE,CONC RIO-TERESOPOLIS S.A.,CONC RIO TER,MB
ASCP,CONC ROD AYRTON SENNA E CARV PINTO S.A.-ECOPISTAS,ECOPISTAS,-
VOES,CONC ROD.OESTE SP VIAOESTE S.A,VIAOESTE,-
RDVT,CONC RODOVIAS DO TIETÊ S.A.,ROD TIETE,-
CRBD,CONC ROTA DAS BANDEIRAS S.A.,RT BANDEIRAS,-
ANHB,CONC SIST ANHANG-BANDEIRANT S.A. AUTOBAN,AUTOBAN,-
CAJS,CONCESSIONÁRIA ÁGUAS DE JUTURNAÍBA S.A.,JUTURNAÍBASA,-
CBHN,CONCESSIONARIA BAHIA NORTE S/A,BAHIANORTE,-
CBCS,CONCESSIONÁRIA BLOCO CENTRAL S.A.,CONCESSBCENT,-
CBSS,CONCESSIONÁRIA BLOCO SUL S.A.,CONCESSBLOCO,-
CNLM,CONCESSIONARIA DA LINHA 4 DO METRO DE SAO PAULO S.,LINHA4,-
RDLA,CONCESSIONARIA DA RODOVIA E SERVICOS RELACIONADOS,RODLAGOS,-
CNRD,CONCESSIONÁRIA DA RODOVIA MS-306 S.A.,ROD MS-306,-
LMSP,CONCESSIONARIA DAS LINHAS 5 E 17 DO METRO DE SAO P,METROSAOPAUL,-
CLTM,CONCESSIONÁRIA DAS LINHAS 8 E 9 DO SISTEMA DE TREN,CONCESSIONÁR,-
CAIF,CONCESSIONARIA DO AEROPORTO INTERNACIONAL DE FLORI,FLORIANOPOLI,-
ECRD,CONCESSIONARIA DO RODOANEL NORTE S.A. - ECORODOAN,ECORODOANEL,-
RDOE,CONCESSIONARIA DO RODOANEL OESTE S/A,CONCESRODOES,-
AEAM,CONCESSIONARIA DOS AEROPORTOS DA AMAZONIA S/A,CONCESSAEROP,-
ECVM,CONCESSIONARIA ECOVIA CAMINHO DO MAR S/A,CONCESSIONAR,-
LNUV,CONCESSIONÁRIA LINHA UNIVERSIDADE S.A,LINHA UNI SA,-
CMSP,CONCESSIONARIA MOVE SAO PAULO S.A.,MOVESP,-
RODT,CONCESSIONARIA RODOVIA DOS TAMOIOS S.A.,RODOVIATAMOI,-
RTCQ,CONCESSIONÁRIA ROTA DOS COQUEIROS S.A.,CONCESROTA D,-
SPMA,CONCESSIONARIA SPMAR S.A,SPMAR,-
CTOL,CONCESSIONARIA VIARIO S.A.,VIARIO,-
CONE,CONE S.A.,CONE,-
ODER,CONSERVAS ODERICH S.A.,ODERICH,-
BRGE,CONSORCIO ALFA DE ADMINISTRACAO S.A.,ALFA CONSORC,-
CCCC,CONSTRUCOES E COMERCIO CAMARGO CORREA S/A,CCCAMARGOCOR,-
TRIU,CONSTRUTORA TRIUNFO S.A.,TRIUNFOSA,-
CALI,CONSTRUTORA ADOLPHO LINDENBERG S.A.,CONST A LIND,-
ATMM,CONSTRUTORA ATERPA S/A,ATERPA,-
CQGV,CONSTRUTORA QUEIROZ GALVAO S/A,CONSTRUTORAG,-
TEND,CONSTRUTORA TENDA S.A.,TENDA,NM
CGBP,CONTOUR GLOBAL DO BRASIL PARTICIPACOES S.A.,CONTOUR,-
CGEP,COPACABANA GERACAO DE ENERGIA E PARTICIPACOES S.A.,COPACABANA,-
CDGS,COPAGAZ DISTRIBUIDORA DE GÁS S.A.,COPAGAZ DIST,-
CPPA,COPAPA COMPANHIA PADUANA DE PAPEIS,COPAPACOMPAN,-
CPLD,COPEL DISTRIBUICAO S/A,COPELSA,-
CPTM,COPEL TELECOMUNICACOES S.A.,COPELTELE,-
CRII,COREMAS HOLDING II S.A.,COREMAS II,-
CORE,COREMAS HOLDING S/A,COREMAS HOLD,-
CTEP,CORPOREOS SERVICOS TERAPEUTICOS SA,CORPOREOS,-
CORR,CORREA RIBEIRO S.A. COMERCIO E INDUSTRIA,COR RIBEIRO,-
CLII,CORREDOR LOGÍSTICA E INFRAESTRUTURA S.A.,CORREDOR LOG,-
CRUM,CORUMBA CONCESSOES S.A.,CORUMBA,-
CSAN,COSAN S.A.,COSAN,NM
CTMS,COTEMINAS S.A.,COTEMINASSA,-
COTV,COTIA VITORIA SERVICOS E COMERCIO S.A.,COTIAVITORIA,-
CPFC,CPFL COMERCIALIZACAO BRASIL S/A,CPFLCOMERCBR,-
CPFE,CPFL ENERGIA S.A.,CPFL ENERGIA,NM
CPRE,CPFL ENERGIAS RENOVÁVEIS S.A.,CPFL RENOVAV,-
CPFG,CPFL GERACAO DE ENERGIA S.A.,CPFL GERACAO,-
CPFS,CPFL SERVICOS EQUIPAMENTOS INDUSTRIA E COMERCIO SA,CPFL,-
CPMS,CPM BRAXIS S.A.,CPM,-
CPQB,CPQ BRASIL S/A,CPQBRASIL,-
CRDE,CR2 EMPREENDIMENTOS IMOBILIARIOS S.A.,CR2,-
CDTA,CREDITA S/A CREDITO FINANCIAMENTO E INVESTIMENTO,CREDITACFI,-
CRED,CREDZ ADMINISTRADORA DE CARTOES S.A.,CREDZ,-
CRMX,CROMEX S/A,CROMEX,-
CRSM,CROMOSSOMO PARTICIPACOES III S/A,CROMOSSOMOII,-
CSED,CRUZEIRO DO SUL EDUCACIONAL S.A.,CRUZEIRO EDU,NM
CSBN,CS BIOENERGIA S.A.,CSBIO,-
CSFR,CS BRASIL FROTAS LTDA,CSBRASILFROT,-
CSHO,CS BRASIL HOLDING E LOCACAO S.A.,CSBRASILHOLD,-
CSBR,CS BRASIL PARTICIPAÇÕES E LOCAÇÕES LTDA.,CS BR PARTIC,-
CSIX,CSIXERS HOLDING S.A.,CSIXERS HOLD,-
CMIN,CSN MINERAÇÃO S.A.,CSNMINERACAO,N2
CARD,CSU CARDSYSTEM S.A.,CSU CARDSYST,NM
CTCA,CTC - CENTRO DE TECNOLOGIA CANAVIEIRA S.A.,CTC S.A.,MA
TRPL,CTEEP - CIA TRANSMISSÃO ENERGIA ELÉTRICA PAULISTA,TRAN PAULIST,N1
INGL,CULTURA INGLESA IDIOMAS S/A.,CULTURAINGLE,-
CURY,CURY CONSTRUTORA E INCORPORADORA S.A.,CURY S/A,NM
CUTI,CUTIA EMPREENDIMENTOS EOLICOS S.A.,CUTIA,-
DPAS,COMERCIAL AUTOMOTIVA S/A,COMERCIALSA,-
CFRI,COMFRIO SOLUCOES LOGISTICAS S. A.,COMFRIO,-
CAES,COMPANHIA ADMINISTRADORA DE EMPREENDIMENTOS E SERV,CIASERVICOS,-
JCRZ,COMPANHIA AGRICOLA USINA JACAREZINHO,CIAJACAREZIN,-
ITPE,COMPANHIA AGUAS DE ITAPEMA,AGUASDEITAPE,-
BAUE,COMPANHIA BAUER RJ - ATIVIDADES AGROPECUARIAS E P,BAUERRJ,-
CBAV,Companhia Brasileira de Alumínio,CBA,NM
CBBP,COMPANHIA BRASILEIRA DE BEBIDAS PREMIUM,PREMIUM,-
EDSE,COMPANHIA BRASILEIRA DE EDUCAÇÃO E SISTEMAS DE ENS,COMPANHIA BR,-
CBVP,COMPANHIA BRASILEIRA DE VIDROS PLANOS - CBVP,CIABRAVIDROS,-
CDMG,COMPANHIA DE DESENVOLVIMENTO ECONOMICO DE MINAS G,CODEMIG,-
GASM,COMPANHIA DE GAS DE MINAS GERAIS GASMIG,GASMIG,-
CPCC,COMPANHIA DE PARTICIPACOES EM CONCESSOES,CIA PART CON,-
MTBA,COMPANHIA DO METRO DA BAHIA,METRODABAHIA,-
CNDS,COMPANHIA ENERGETICA CANDEIAS,ENERGCANDEIA,-
CEJA,COMPANHIA ENERGETICA DO JARI - CEJA,CEJA,-
PTGR,COMPANHIA ENERGETICA POTIGUAR,POTIGUAR,-
CFLO,COMPANHIA FORCA E LUZ DO OESTE,LUZDOOESTE,-
CPJG,COMPANHIA JAGUARI DE ENERGIA,CIAJAGUARI,-
LIGN,COMPANHIA LIGNA DE INVESTIMENTOS,CIALIGNA,-
CMNP,COMPANHIA MELHORAMENTOS NORTE DO PARANA,CIAPARANA,-
MTRN,COMPANHIA METRO NORTE,METRONORTE,-
CPNA,COMPANHIA NACIONAL DE ALCOOL,CIAALCOOL,-
NEEC,COMPANHIA NACIONAL DE ENERGIA ELETRICA,COMPNACIONAL,-
CPGS,COMPANHIA PARANAENSE DE GAS COMPAGAS,COMPAGAS,-
RPAY,Companhia Sec. de Cred. Fin. VERT-Recargapay,RECARGAPAYVE,-
VCP7,COMPANHIA SEC. DE CRED. IMOB. VERT-7,VERT-7,-
GYRA,COMPANHIA SEC. DE CREDITOS FINANCEIROS VERT-GYRA,VERTGYRA,-
VOLC,COMPANHIA SECURITIZADORA DE CREDITOS FINANCEIROS V,COMSECREDFIN,-
CFVT,COMPANHIA SECURITIZADORA DE CREDITOS FINANCEIROS V,COMPANHIASEC,-
VUME,COMPANHIA SECURITIZADORA DE CREDITOS FINANCEIROS V,COMPSECURIT,-
IOUU,COMPANHIA SECURITIZADORA DE CRÉDITOS FINANCEIROS V,COMPANHIA SE,-
SULD,COMPANHIA SULAMERICANA DE DISTRIBUIÇÃO,SULAMERICANA,-
TRSR,COMPANHIA TRANSIRAPE DE TRANSMISSAO,TRANSIRAPE,-
TRLT,COMPANHIA TRANSLESTE DE TRANSMISSAO,TRANSLESTE,-
TRSU,COMPANHIA TRANSUDESTE DE TRANSMISSAO,TRANSUDESTE,-
PASS,COMPASS GAS E ENERGIA S.A.,COMPASS,-
MACN,COMPLEXO MARACANA ENTRETENIMENTO S.A.,MARACANA,-
CXER,COMPLEXO MORRINHOS ENERGIAS RENOVAVEIS S.A.,MORRINHOSENE,-
CPOR,COMPORTE PARTICIPACOES S.A.,COMPORTEPART,-
CCNS,CONASA COMPANHIA NACIONAL SANEAMENTO,CONASA COMPA,-
CNSA,CONASA SPE S.A.,CONASA,-
RPTA,CONC AUTO RAPOSO TAVARES S.A.,CONC RAPOSO,-
AGRU,CONC DO AEROPORTO INTERNACIONAL DE GUARULHOS S.A.,GRUAIRPORT,MB
ECOV,CONC ECOVIAS IMIGRANTES S.A.,ECOVIAS,-
CRTE,CONC RIO-TERESOPOLIS S.A.,CONC RIO TER,MB
ASCP,CONC ROD AYRTON SENNA E CARV PINTO S.A.-ECOPISTAS,ECOPISTAS,-
VOES,CONC ROD.OESTE SP VIAOESTE S.A,VIAOESTE,-
RDVT,CONC RODOVIAS DO TIETÊ S.A.,ROD TIETE,-
CRBD,CONC ROTA DAS BANDEIRAS S.A.,RT BANDEIRAS,-
ANHB,CONC SIST ANHANG-BANDEIRANT S.A. AUTOBAN,AUTOBAN,-
CAJS,CONCESSIONÁRIA ÁGUAS DE JUTURNAÍBA S.A.,JUTURNAÍBASA,-
CBHN,CONCESSIONARIA BAHIA NORTE S/A,BAHIANORTE,-
CBCS,CONCESSIONÁRIA BLOCO CENTRAL S.A.,CONCESSBCENT,-
CBSS,CONCESSIONÁRIA BLOCO SUL S.A.,CONCESSBLOCO,-
CNLM,CONCESSIONARIA DA LINHA 4 DO METRO DE SAO PAULO S.,LINHA4,-
RDLA,CONCESSIONARIA DA RODOVIA E SERVICOS RELACIONADOS,RODLAGOS,-
CNRD,CONCESSIONÁRIA DA RODOVIA MS-306 S.A.,ROD MS-306,-
LMSP,CONCESSIONARIA DAS LINHAS 5 E 17 DO METRO DE SAO P,METROSAOPAUL,-
CLTM,CONCESSIONÁRIA DAS LINHAS 8 E 9 DO SISTEMA DE TREN,CONCESSIONÁR,-
CAIF,CONCESSIONARIA DO AEROPORTO INTERNACIONAL DE FLORI,FLORIANOPOLI,-
ECRD,CONCESSIONARIA DO RODOANEL NORTE S.A. - ECORODOAN,ECORODOANEL,-
RDOE,CONCESSIONARIA DO RODOANEL OESTE S/A,CONCESRODOES,-
AEAM,CONCESSIONARIA DOS AEROPORTOS DA AMAZONIA S/A,CONCESSAEROP,-
ECVM,CONCESSIONARIA ECOVIA CAMINHO DO MAR S/A,CONCESSIONAR,-
LNUV,CONCESSIONÁRIA LINHA UNIVERSIDADE S.A,LINHA UNI SA,-
CMSP,CONCESSIONARIA MOVE SAO PAULO S.A.,MOVESP,-
RODT,CONCESSIONARIA RODOVIA DOS TAMOIOS S.A.,RODOVIATAMOI,-
RTCQ,CONCESSIONÁRIA ROTA DOS COQUEIROS S.A.,CONCESROTA D,-
SPMA,CONCESSIONARIA SPMAR S.A,SPMAR,-
CTOL,CONCESSIONARIA VIARIO S.A.,VIARIO,-
CONE,CONE S.A.,CONE,-
ODER,CONSERVAS ODERICH S.A.,ODERICH,-
BRGE,CONSORCIO ALFA DE ADMINISTRACAO S.A.,ALFA CONSORC,-
CCCC,CONSTRUCOES E COMERCIO CAMARGO CORREA S/A,CCCAMARGOCOR,-
TRIU,CONSTRUTORA TRIUNFO S.A.,TRIUNFOSA,-
CALI,CONSTRUTORA ADOLPHO LINDENBERG S.A.,CONST A LIND,-
ATMM,CONSTRUTORA ATERPA S/A,ATERPA,-
CQGV,CONSTRUTORA QUEIROZ GALVAO S/A,CONSTRUTORAG,-
TEND,CONSTRUTORA TENDA S.A.,TENDA,NM
CGBP,CONTOUR GLOBAL DO BRASIL PARTICIPACOES S.A.,CONTOUR,-
CGEP,COPACABANA GERACAO DE ENERGIA E PARTICIPACOES S.A.,COPACABANA,-
CDGS,COPAGAZ DISTRIBUIDORA DE GÁS S.A.,COPAGAZ DIST,-
CPPA,COPAPA COMPANHIA PADUANA DE PAPEIS,COPAPACOMPAN,-
CPLD,COPEL DISTRIBUICAO S/A,COPELSA,-
CPTM,COPEL TELECOMUNICACOES S.A.,COPELTELE,-
CRII,COREMAS HOLDING II S.A.,COREMAS II,-
CORE,COREMAS HOLDING S/A,COREMAS HOLD,-
CTEP,CORPOREOS SERVICOS TERAPEUTICOS SA,CORPOREOS,-
CORR,CORREA RIBEIRO S.A. COMERCIO E INDUSTRIA,COR RIBEIRO,-
CLII,CORREDOR LOGÍSTICA E INFRAESTRUTURA S.A.,CORREDOR LOG,-
CRUM,CORUMBA CONCESSOES S.A.,CORUMBA,-
CSAN,COSAN S.A.,COSAN,NM
CTMS,COTEMINAS S.A.,COTEMINASSA,-
COTV,COTIA VITORIA SERVICOS E COMERCIO S.A.,COTIAVITORIA,-
CPFC,CPFL COMERCIALIZACAO BRASIL S/A,CPFLCOMERCBR,-
CPFE,CPFL ENERGIA S.A.,CPFL ENERGIA,NM
CPRE,CPFL ENERGIAS RENOVÁVEIS S.A.,CPFL RENOVAV,-
CPFG,CPFL GERACAO DE ENERGIA S.A.,CPFL GERACAO,-
CPFS,CPFL SERVICOS EQUIPAMENTOS INDUSTRIA E COMERCIO SA,CPFL,-
CPMS,CPM BRAXIS S.A.,CPM,-
CPQB,CPQ BRASIL S/A,CPQBRASIL,-
CRDE,CR2 EMPREENDIMENTOS IMOBILIARIOS S.A.,CR2,-
CDTA,CREDITA S/A CREDITO FINANCIAMENTO E INVESTIMENTO,CREDITACFI,-
CRED,CREDZ ADMINISTRADORA DE CARTOES S.A.,CREDZ,-
CRMX,CROMEX S/A,CROMEX,-
CRSM,CROMOSSOMO PARTICIPACOES III S/A,CROMOSSOMOII,-
CSED,CRUZEIRO DO SUL EDUCACIONAL S.A.,CRUZEIRO EDU,NM
CSBN,CS BIOENERGIA S.A.,CSBIO,-
CSFR,CS BRASIL FROTAS LTDA,CSBRASILFROT,-
CSHO,CS BRASIL HOLDING E LOCACAO S.A.,CSBRASILHOLD,-
CSBR,CS BRASIL PARTICIPAÇÕES E LOCAÇÕES LTDA.,CS BR PARTIC,-
CSIX,CSIXERS HOLDING S.A.,CSIXERS HOLD,-
CMIN,CSN MINERAÇÃO S.A.,CSNMINERACAO,N2
CARD,CSU CARDSYSTEM S.A.,CSU CARDSYST,NM
CTCA,CTC - CENTRO DE TECNOLOGIA CANAVIEIRA S.A.,CTC S.A.,MA
TRPL,CTEEP - CIA TRANSMISSÃO ENERGIA ELÉTRICA PAULISTA,TRAN PAULIST,N1
INGL,CULTURA INGLESA IDIOMAS S/A.,CULTURAINGLE,-
CURY,CURY CONSTRUTORA E INCORPORADORA S.A.,CURY S/A,NM
CUTI,CUTIA EMPREENDIMENTOS EOLICOS S.A.,CUTIA,-
ENPX,ENERPEIXE S.A.,ENERPEIXE,-
ENEV,ENEVA S.A,ENEVA,NM
EGIE,ENGIE BRASIL ENERGIA S.A.,ENGIE BRASIL,NM
EUBE,ENGIE SOLUÇÕES CIDADES INTELIGENTES INFRAEST UBERL,ENGIEUBERLAN,-
EGIT,ENGIE TRANSMISSAO DE ENERGIA PARTICIPACOES S/A,ENGIE TRANSM,-
ENJU,ENJOEI S.A.,ENJOEI,NM
CSDC,ENOVA FOODS S/A,ENOVA,-
ENDS,ENSEADA DO SUÁ PARTICIPAÇÕES S.A.,ENSEADA DO S,-
EESG,ENVIRONMENTAL ESG PARTICIPAÇÕES S.A.,ENVIRONMENT,-
EOLB,EOL BRISA ENERGIAS RENOVAVEIS S.A.,EOLBRISA,-
EOMI,EOL MARAL I SPE S.A.,EOL MARAL I,-
EOII,EOL MARAL II SPE S.A.,EOL MARAL II,-
EOLV,EOL VENTO ENERGIAS RENOVAVEIS S.A.,EOLVENTO,-
EOLW,EOL WIND ENERGIAS RENOVAVEIS S.A.,EOLWIND,-
VMII,EOLICA CABECO VERMELHO II S/A,EOLICAVERMEL,-
ELVM,EOLICA CABECO VERMELHO S/A,EOLICAVERMEL,-
LANO,EOLICA LAGOA NOVA S/A,EOLICALAGOA,-
LCNH,EOLICA LANCHINHA S/A,EOLICALAN,-
PASO,EOLICA PARAISO S.A.,EOLICAPARAIS,-
PJII,EOLICA PEDRA RAJADA II SA.,PEDRARAJADAI,-
ECRJ,EOLICA PEDRA RAJADA SA.,PEDRARAJADA,-
EOVC,EOLICA SERRA DAS VACAS HOLDING S.A.,EOLICAVACAS,-
ESVH,EOLICA SERRA DAS VACAS HOLDING II S/A,SERRADASVACA,-
ELVC,EOLICA SERRA DAS VACAS I S.A.,SERRADASVACA,-
ELVA,EOLICA SERRA DAS VACAS II S.A.,VACASII,-
ELVS,EOLICA SERRA DAS VACAS III S.A.,EOLICAVACASI,-
ELVV,EOLICA SERRA DAS VACAS IV S.A.,SERRADASVACA,-
ESVV,EOLICA SERRA DAS VACAS V S.A.,VACASV,-
EVII,EOLICA SERRA DAS VACAS VII S.A.,EOLICAVACAVI,-
SSTN,EOLICA SERRA DE SANTANA S.A.,EOLICASERRAS,-
EQTL,EQUATORIAL ENERGIA S.A.,EQUATORIAL,NM
EQMA,EQUATORIAL MARANHÃO DISTRIBUIDORA DE ENERGIA S.A.,EQTLMARANHAO,MB
EQPA,EQUATORIAL PARA DISTRIBUIDORA DE ENERGIA S.A.,EQTL PARA,-
EQUA,EQUATORIAL TRANSMISSÃO S.A.,EQUATORIALTR,-
EQTS,EQUATORIAL TRANSMISSORA 1 SPE S.A.,EQUATORIAL 1,-
EQTN,EQUATORIAL TRANSMISSORA 2 SPE S.A.,EQUATORIAL 2,-
EQSP,EQUATORIAL TRANSMISSORA 3 SPE S.A.,EQUATORIAL 3,-
EQTC,EQUATORIAL TRANSMISSORA 5 SPE S.A.,EQUATORIAL5,-
EREN,EREN DRACENA PARTICIPAÇÕES S.A.,EREN DRACENA,-
SPRZ,ESPERANZA TRANSMISSORA DE ENERGIA S.A..,ESPERANZA,-
EATL,ESTALEIRO ATLANTICO SUL S/A,ESTALEIROSUL,-
ETRE,ESTRE AMBIENTAL S.A.,ESTREAMBIENT,-
MCFI,ESTRELA MINEIRA CREDITO FINANCIAMENTO E INVESTIMEN,ESTRELACFI,-
ETAP,ETAP EMPRESA TRANSMISSORA AGRESTE POTIGUAR S.A.,ETAPPOTIGUAR,-
ETBA,ETB - EMPRESA DE TRANSMISSAO BAIANA S.A.,ETB - TRANSM,-
CPXB,ETC ¿ EMPRESA TRANSMISSORA CAPIXABA S. A.,ETCCAPIXABA,-
ETCP,ETC PARTICIPACOES S.A.,ETC,-
ETER,ETERNIT S.A.,ETERNIT,NM
EUCA,EUCATEX S.A. INDUSTRIA E COMERCIO,EUCATEX,N1
EURF,EUROFARMA LABORATORIOS S.A,EUROFARMA,-
EVEN,EVEN CONSTRUTORA E INCORPORADORA S.A.,EVEN,NM
EVOL,EVOLTZ IV - SÃO MATEUS TRANSMISSORA DE ENERGIA S.A,EVOLTZ IV,-
EVLZ,EVOLTZ PARTICIPACOES S/A,EVOLTZ PART,-
BAUH,EXCELSIOR ALIMENTOS S.A.,EXCELSIOR,-
EXTE,EXPANSION TRANSMISSAO DE ENERGIA ELETRICA SA,EXPANSION,-
EXTZ,EXTREMOZ TRANSMISSORA DO NORDESTE ¿ ETN S.A.,EXTREMOZ,-
EZTC,EZ TEC EMPREEND. E PARTICIPACOES S.A.,EZTEC,NM
FABZ,F.AB. ZONA OESTE S.A.,FABZOSA,-
FCTA,FACTA FINANCEIRA S/A CFI,FACTACFI,-
FCMN,FAGUNDES CONSTRUÇÃO E MINERAÇÃO LTDA.,FAGUNDES CON,-
FACL,FARO ENERGY I COMERCIO E LOCACAO DE PROJETOS S.A.,FARO ENERGY,-
FRTR,FARTURA AGROPECUARIA S.A.,FARTURA AGRO,MB
FSHO,FAST SHOP S.A.,FASTSHOP S,-
FATE,FAT EMPREENDIMENTOS E PARTICIPACOES S/A,FATPART,-
FEEN,FEENIX4T PARTICIPACOES S.A.,FEENIX,-
FRAG,FERRARI AGROINDUSTRIA S/A,FERRARI AGRO,-
FGEN,FERREIRA GOMES ENERGIA S.A.,FGENERGIA,-
VSPT,FERROVIA CENTRO-ATLANTICA S.A.,FER C ATLANT,-
FHER,FERTILIZANTES HERINGER S.A.,FER HERINGER,NM
FGRU,FGR URBANISMO BELEM S.A. - SPE,FGRURBANISMO,-
CRIV,FINANCEIRA ALFA S.A.- CRED FINANC E INVS,ALFA FINANC,-
FNCN,FINANSINOS S.A.- CREDITO FINANC E INVEST,FINANSINOS,-
FITE,FITESA S/A,FITESASA,-
FFLU,FLAFLU PARTICIPACOES S.A.,FLAFLU,-
FLRY,FLEURY S.A.,FLEURY,NM
FLEX,FLEX GESTÃO DE RELACIONAMENTOS S.A.,FLEX S/A,MA
POWE,FOCUS ENERGIA HOLDING PARTICIPAÇÕES S.A,FOCUS ON,-
FLHA,FOLHA LARGA 1 HOLDING S.A.,FOLHALARGA I,-
FNTE,FONTE NOVA NEGOCIOS E PARTICIPACOES S.A. - FNP,FONTENOVA,-
FELC,FORCA EOLICA DO BRASIL S.A.,FORCAEOLICA,-
FOMS,FORNO DE MINAS ALIMENTOS S.A.,FORNODEMINAS,-
FOAU,FORTBRAS AUTOPECAS S/A,FORTBRAS AUT,-
FRTB,FORTBRASIL ADMINISTRADORA DE CARTOES DE CREDITO S,FORTBRASIL,-
FOBR,FORTBRASIL SECURITIZADORA S.A.,FORTBRASIL S,-
TFCM,FORTUNA COMERCIO S.A,FORTUNA,-
FSPR,FOSPAR S.A.,FOSPAR,-
FOZC,FOZ CENTRO NORTE S/A,FOZ,-
FZRC,FOZ DO RIO CLARO ENERGIA S.A.,FOZDORIOCLAR,-
FRCS,FRANCISCO DE SA II GERACAO DE ENERGIA S/A,FRANCISCO SA,-
FRPR,FRAPORT BRASIL S/A AEROPORTO DE PORTO ALEGRE,FRAPORTBR,-
FRAS,FRAS-LE S.A.,FRAS-LE,N1
TRFS,FS TRANSMISSORA DE ENERGIA ELÉTRICA S.A.,FS TRANSMISS,-
FURN,FURNAS - CENTRAIS ELETRICAS S.A.,FURNAS,-
FYPE,FYP EMPREENDIMENTOS IMOBILIARIOS S/A,FYP,-
G2DI,G2D Investments Ltd,G2D INVEST,DR3
G5HO,G5 HOLDING S.A.,G5 HOLDING S,-
GFSA,GAFISA S.A.,GAFISA,NM
GCII,GAIA CRED II COMPANHIA SECURITIZADORA DE CREDITOS,GAIACREDIISE,-
GCRD,GAIA CRED III COMPANHIA SECURITIZADORA DE CREDITOS,GAIACREDIIIS,-
GCIV,GAIA CRED IV COMPANHIA SECURITIZADORA DE CREDITOS,GAIACREDIVSE,-
GAFL,GAIA IMPACTO SECURITIZADORA S.A.,GAIA AGRO,-
GALE,GALILEO GESTORA DE RECEBIVEIS SPE S/A,GALILEOSA,-
GLVP,GALVAO PARTICIPACOES S/A,GALVAOPART,-
OPGM,GAMA PARTICIPACOES S.A.,GAMA PART,MB
GMLR,GAMELEIRA GERADORA DE ENERGIA RENOVÁVEL S.A.,GAMELEIRA GE,-
GARN,GAREN AUTOMACAO S/A,GAREN,-
GASV,GAS VERDE S/A,GASVERDE,-
GSTE,GASTER PARTICIPACOES S.A.,GASTERPART,-
GZHD,GAZIN HOLDING S.A.,GAZINHOLDING,-
GAZN,GAZIN IND E COME DE MOVEIS E ELETRODOMESTICOS LTDA,GAZIN INDCOM,-
GBXT,GBX TIETE II EMPREENDIMENTOS E PARTICIPACOES S.A.,GBXTIETE,-
GDSL,GDPAR GDSOLAR Part. em Projetos Solares S.A,GDPARGDSOLAR,-
GNEC,GENERAL ELECTRIC CAPITAL DO BRASIL LTDA.,GE CAPITALBR,-
GSHP,GENERAL SHOPPING E OUTLETS DO BRASIL S.A.,GENERALSHOPP,-
GAMZ,GERA AMAZONAS GERADORA ENERGIA AMAZONAS SA,GERAAMAZONAS,-
GCEU,GERACAO CEU AZUL S/A,CEUAZUL,-
EBVA,GERACAO BIOMASSA VISTA ALEGRE I S.A,VISTAALEGRE,-
GEBV,GERADORA EÓLICA BONS VENTOS DA SERRA 2 S.A.,BONSVENTOS,-
GLIC,GERADORA EOLICA BONS VENTOS DA SERRA I SA.,VENTOSDASERR,-
GGBR,GERDAU S.A.,GERDAU,N1
GEAG,GESTAMP EOLICA AGRESTE S.A.,AGRESTE,-
GEEA,GESTAMP EOLICA ALVORADA S.A.,ALVORADA,-
GEEJ,GESTAMP EOLICA JARDINS S.A.,JARDINS,-
GEEM,GESTAMP EOLICA MACAMBIRA I S.A.,MACAMBIRAI,-
GMCB,GESTAMP EOLICA MACAMBIRA II S.A.,MACAMBIRAII,-
SRDO,GESTAMP EOLICA SERIDO S.A.,SERIDO,-
GETT,GETNET ADQUIRENCIA E SERV PARA MEIOS DE PGTO S.A.,GETNET BR,-
NINJ,GETNINJAS S.A.,GETNINJAS,NM
GIOS,GIOVANNI SANGUINETTI TRANSMISSORA DE ENERGIA S.A.,GIOVANNIENER,-
GJAI,GJA INDUSTRIAS S/A,GJAINDUSTRIA,-
GLPI,GLP I PARTICIPACOES S.A.,GLPIPARTICIP,-
GLFG,GLP IMIGRANTES EMPREENDIMENTOS IMOBILIÁRIOS S.A.,GLP IMIGRANT,-
GLPO,GLP O PARTICIPACOES S/A,GLP O PARTIC,-
GLPX,GLP X PARTICIPAÇÕES S.A.,GLP X PARTIC,-
GMRE,GMR ENERGIA S.A.,GMRENERGIA,-
GGEN,GOIÁS GERADORA DE ENERGIA RENOVÁVEL S.A.,GOIAS GERADO,-
GTSA,GOIÁS TRANSMISSÃO S.A.,GOIÁS TRANSM,-
GOLL,GOL LINHAS AEREAS INTELIGENTES S.A.,GOL,N2
GSBR,GOLDMAN SACHS DO BRASIL BANCO MULTIPLO S/A,GOLDMANSACHS,-
GLFV,GOLF VILLAGE EMPREENDIMENTOS IMOBILIARIOS S/A,GOLFVILLAGE,-
GFCA,GOOD FOOD COMERCIO DE ALIMENTOS S/A,GOODFOOD,-
GPIV,GP INVESTMENTS. LTD.,GP INVEST,DR3
GGPS,GPS PARTICIPACOES E EMPREENDIMENTOS S.A.,GPS,NM
GRAI,GRANINVESTIMENTOS S/A,GRANINV,-
GFFA,GRANJA FARIA S.A.,GRANJA FARIA,-
GRNS,GRANSOL TERMINAIS MARÍTIMOS S.A.,GRANSOL TERM,-
CGRA,GRAZZIOTIN S.A.,GRAZZIOTIN,-
GRMX,GREENBRIER MAXION EQUIPAMENTOS E SERVIÇOS FERROVIÁ,GREENBRIER M,-
GRPE,GREENYELLOW PERFORMANCE ENERGETICA S.A.,GREENYELLOWP,-
GRND,GRENDENE S.A.,GRENDENE,NM
AEGE,GRUA INVESTIMENTOS S.A.,GRUAINVEST,-
SOMA,GRUPO DE MODA SOMA S.A.,GRUPO SOMA,NM
GMAT,GRUPO MATEUS S.A.,GRUPO MATEUS,NM
SBFG,GRUPO SBF SA,GRUPO SBF,NM
GSPP,GSP PROPERTIES SPE S.A.,GSPSPE,-
GSPM,GSP LIFE MAIRINQUE EMPREENDIMENTOS IMOBILIARIOS S.,GSPLIFE,-
GNHE,GUANHAES ENERGIA S/A,GUANHAES,-
TPSU,GUARACIABA TRANSMISSORA DE ENERGIA TP SUL SA,GUARACIABA,-
GUAR,GUARARAPES CONFECCOES S.A.,GUARARAPES,-
GPPL,GUARUPART PARTICIPAÇÕES LTDA.,GUARUPART,-
GUPT,GUASSUPI PARTICIPAÇÕES S.A.,GUASSUPI,-
GMAI,GUIMARANIA I SOLAR SPE S.A.,GUIMARANIA I,-
GMRN,GUIMARANIA II SOLAR SPE S.A.,GUIMARANIAII,-
HAGA,HAGA S.A. INDUSTRIA E COMERCIO,HAGA S/A,-
INTL,HAITONG BANCO DE INVESTIMENTO DO BRASIL S/A,HAITONGBI,-
HALE,HALEX ISTAR INDUSTRIA FARMACEUTICA S.A.,HALEXISTARIN,-
HAPV,HAPVIDA PARTICIPACOES E INVESTIMENTOS SA,HAPVIDA,NM
HVAN,HAVAN S.A.,HAVAN LOJAS,-
HBRE,HBR REALTY EMPREENDIMENTOS IMOBILIARIOS S/A,HBR REALTY,NM
HENZ,HEINZ BRASIL S/A,HEINZBR,-
HBOR,HELBOR EMPREENDIMENTOS S.A.,HELBOR,NM
HLIO,HELIO BORENSTEIN S/A ADMINISTRACAO PARTICIPACOES E,HELIOBORENST,-
HECG,HELIUS CAPITAL GESTÃO DE RECURSOS S.A.,HELIUS CAPIT,-
HETA,HERCULES S.A. FABRICA DE TALHERES,HERCULES,-
HFCK,HIDRELETRICA FOCKINK S.A.,FOCKINK SA,-
HBSA,HIDROVIAS DO BRASIL S.A.,HIDROVIAS,NM
HGLB,HIGHLINE BRASIL II INFRAESTRUTURA TELECOMUNICACOES,HIGHLINE BRA,-
UNET,HIPERCARD BANCO MULTIPLO S/A,HIPERCARDBM,-
HMOB,HMOBI PARTICIPAÇÕES S.A.,HMOBI S.A,-
HARG,Holding do Araguaia S.A,HOLDING DO A,-
HDLS,HONDA LEASING S/A ARREND. MERCANTIL,HONDAAM,-
HORT,HORTIGIL HORTIFRUTI S.A.,HORTIGIL,-
HSPE,HOSPITAL ESPERANCA S/A,ESPERANCA,-
MATD,HOSPITAL MATER DEI S/A,MATER DEI,NM
HOOT,HOTEIS OTHON S.A.,HOTEIS OTHON,-
HSIV,HS INVESTIMENTOS S.A.,HSINVESTIMEN,-
HTLS,HTL SP PARTICIPACOES S.A.,HTLSPPART,-
GRAO,HUMBERG AGRIBRASIL COM. E EXPORT. DE GRÃOS S.A.,AGRIBRASIL,MA
HYPE,HYPERA S.A.,HYPERA,NM
IBCP,IBC Empreendimentos e Participacoes S.A.,IBCEMPEPARTI,-
IBIB,IBI BRASIL EMPREENDIMENTOS E PARTICIPACOES S.A.,IBIBRASIL,-
IATU,ICATU ASSESSORIA S/A,ICATU ASSESS,-
ICCI,ICATU CONSULTORIA DE INVESTIMENTOS S.A.,ICATUCONSULT,-
IDRA,IDIBRA PARTICIPACOES S.A,IDIBRA,-
IFPT,IFIN PARTICIPAÇÕES S.A.,IFIN PARTICI,-
IGBR,IGB ELETRÔNICA S/A,IGB S/A,-
IRJS,IGUÁ RIO DE JANEIRO S.A.,IGUÁ RIO DE,-
IGSN,IGUA SANEAMENTO S.A.,IGUA SA,MA
IGTA,IGUATEMI EMPRESA DE SHOPPING CENTERS S.A,IGUATEMI,-
IGTI,IGUATEMI S.A.,IGUATEMI S.A,N1
IMPA,IMPAR SERVICOS HOSPITALARES S/A,IMPAR SERVIC,-
IDNO,INDUSTRIAS DUREINO S.A.,IND DUREINO,MB
ROMI,INDUSTRIAS ROMI S.A.,INDS ROMI,NM
INEP,INEPAR S.A. INDUSTRIA E CONSTRUCOES,INEPAR,-
IFCM,INFRACOMMERCE CXAAS S.A.,INFRACOMM,NM
INBH,INFRAESTRUTURA BRASIL HOLDING I S/A,INFRABR HOLD,-
IFBH,INFRAESTRUTURA BRASIL HOLDING II S.A.,INFRA BR II,-
IBHQ,INFRAESTRUTURA BRASIL HOLDING IV S.A.,INFRABRASIL,-
HLIX,INFRAESTRUTURA BRASIL HOLDING IX,INFRAESTRUTU,-
IRAB,INFRAMERICA CONCESSIONARIA DO AEROPORTO DE BRASILI,INFRAMERICA,-
INSV,Inova Saude Sao Paulo SPE S.A.,INOVASAUDESP,-
INSR,Inova Saude Sorocaba SPE S.A.,INOVA SAUDE,-
INPS,INPASA AGROINDUSTRIAL S.A.,INPASA AGRO,-
PARD,INSTITUTO HERMES PARDINI S.A.,IHPARDINI,NM
MARH,INTEGRACAO MARANHENSE TRANSMISSORA DE ENERGIA S.A.,MARAENERGIA,-
ITGT,INTEGRAÇÃO TRANSMISSORA DE ENERGIA S.A,INTEGTRANS,-
INTB,INTELBRAS S.A. IND DE TELEC ELETRONICA BRASILEIRA,INTELBRAS,NM
INNT,INTER CONSTRUTORA E INCORPORADORA S.A.,INTER SA,MA
BIDD,INTER PLATFORM. INC.,INTER BDR,DR1
ITCT,INTERCEMENT PARTICIPACOES S.A.,INTERCEMENTP,-
IELM,INTERLIGACAO ELETRICA DO MADEIRA S/A,MADEIRA,-
IVAI,INTERLIGACAO ELETRICA IVAI S/A,ELETRICAIVAI,-
ELSJ,INTERLIGACAO ELETRICA SERRA DO JAPI S/A,SERRA,-
MEAL,INTERNATIONAL MEAL COMPANY ALIMENTACAO S.A.,IMC S/A,NM
FIGE,INVESTIMENTOS BEMGE S.A.,INVEST BEMGE,-
IVPR,INVESTIMENTOS E PARTICIP. EM INFRA S.A. - INVEPAR,INVEPAR,MB
MYPK,IOCHPE MAXION S.A.,IOCHP-MAXION,NM
IPIP,IPIRANGA PRODUTOS DE PETROLEO S.A.,IPIRANGAPROD,-
IRCT,IRACEMA TRANSMISSORA DE ENERGIA S/A,IRACEMA,-
RANI,IRANI PAPEL E EMBALAGEM S.A.,IRANI,NM
IRBR,IRB - BRASIL RESSEGUROS S.A.,IRBBRASIL RE,NM
IMUF,IRMÃOS MUFFATO & CIA LTDA.,IRMÃOS MUFFA,-
IROH,IRON HOUSE DESENVOLVIMENTO IMOBILIARIO S.A.,IRONHOUSE,-
IRTH,IRTHA EMPREENDIMENTOS IMOBILIARIOS S.A.,IRTHA,-
ISAV,ISA INVESTIMENTOS E PARTICIPACOES DO BRASIL S.A.,ISAIBRASIL,-
ISLU,ISOLUX ENERGIA E PARTICIPACOES S/A,ISOLUXPART,-
IMRC,ITAMARACA TRANSMISSORA SPE S.A,ITAMARACATRA,-
ITPB,ITAPEBI GERACAO DE ENERGIA S.A.,ITAPEBI,-
IPTO,ITAPOÁ PARTICIPAÇÕES S.A.,ITAPOAPARTI,-
ITPO,ITAPOA TERMINAIS PORTUARIOS S.A.,ITAPOA,-
ITMG,ITAREMA GERACAO DE ENERGIA S.A.,ITAREMAENERG,-
ITUB,ITAU UNIBANCO HOLDING S.A.,ITAUUNIBANCO,N1
ITSA,ITAUSA S.A.,ITAUSA,N1
PNEU,ITR COMERCIO DE PNEUS E PECAS S.A.,ITRCOMERCIOD,-
JASD,J A SAUDE ANIMAL INDUSTRIA COMERCIO PRODUTOS VETER,JASAUDE ANIM,-
JMCD,J. MACEDO S.A.,J.MACEDO,-
JMEN,J. MALUCELLI ENERGIA S/A,JMALUC,-
JALL,JALLES MACHADO S.A.,JALLESMACHAD,NM
JTEE,JANAUBA TRANSMISSORA DE ENERGIA ELETRICA S.A.,JANAUBA,-
JAUR,JAURU TRANSMISSORA DE ENERGIA S/A,JAURUENERGIA,-
JBSS,JBS S.A.,JBS,NM
JCPM,JCPM PARTICIPACOES E EMPREENDIMENTOS S/A,JCPMPARTICIP,-
JEFP,JEF INVESTIMENTOS S.A.,JEFINVEST,-
JFLV,JFL V HOUSE INVESTIMENTOS IMOBILIARIOS S. A.,JFLVHOUSE,-
JHMN,JHSF MANAUS EMPREENDIMENTOS E INCORPORACOES S.A.,JHSFMANAUS,-
JHSF,JHSF PARTICIPACOES S.A.,JHSF PART,NM
JFEN,JOAO FORTES ENGENHARIA S.A.,JOAO FORTES,-
JOPA,JOSAPAR-JOAQUIM OLIVEIRA S.A. - PARTICIP,JOSAPAR,-
JELE,JOTA ELE CONSTRUCOES CIVIS S.A.,JOTAELE,-
JPCB,JPMORGAN CHASE BANK NATIONAL ASSOCIATION,MORGANBC,-
BGNL,JSL ARRENDAMENTO MERCANTIL S/A,JSLAM,-
JSLG,JSL S.A.,JSL,NM
KLAS,KALLAS INCORPORACOES E CONSTRUCOES S.A.,KALLAS,-
CTKA,KARSTEN S.A.,KARSTEN,-
KATA,KATAYAMA ALIMENTOS LTDA,KATAYAMA,-
KATR,KATRIUM INDUSTRIAS QUIMICAS S/A,KATRIUM INDU,-
KCTS,KC TEC. SERV. IMOB. DE INTERNET. EMP. E PART. LTDA,KCTECINTERNE,-
KEPL,KEPLER WEBER S.A.,KEPLER WEBER,-
KGFC,KING FOOD COMERCIO DE ALIMENTOS S/A,KINGFOOD,-
HSBC,KIRTON BANK S.A - BANCO MULTIPLO,KIRTONBM,-
KLBN,KLABIN S.A.,KLABIN S/A,N2
KOMP,KOMPASS COMPANHIA SECURITIZADORA DE CRÉDITOS FINAN,KOMPASS COMP,-
KRSA,KORA SAÚDE PARTICIPAÇÕES S.A,KORA SAUDE,NM
KUHN,KUHN DO BRASIL S.A. ¿ IMPLEMENTOS AGRICOLAS,KUHN,-
KRMA,KURUMA VEICULOS S/A,KURUMA,-
TUTO,LABORATORIO TEUTO BRASILEIRO S.A.,LABTEUTOBR,-
HOLC,LAFARGEHOLCIM BRASIL S.A.,LAFARGEHOLCI,-
LGOP,LAGO DA PEDRA PARTICIPACOES S/A,LAGOPEDRAPAR,-
LGER,LAGOA 1 ENERGIA RENOVAVEL S.A.,LAGOA1,-
LJDE,LAJEADO ENERGIA S.A.,LAJEADOENERG,-
LMBE,LAMBDA ENERGIA S.A..,LAMBDAENERG,-
LBDA,LAMBDA II ENERGIA S/A,LAMBDA II,MB
LAVV,LAVVI EMPREENDIMENTOS IMOBILIÁRIOS S.A.,LAVVI,NM
LMDS,LAZAM  MDS CORRETORA ADMINISTRADORA SEGUROS S.A.,LAZAMMDSCOR,-
LCEN,LC ENERGIA HOLDING SA,LC ENERGIA H,-
LCIN,LC INVESTIMENTOS HOLDING S.A..,LC INVESTIME,-
LCEH,LC-EH PARTICIPACOES E EMPREENDIMENTOS S.A.,LCEHPART,-
LIND,LDI DESENVOLVIMENTO IMOBILIARIO S/A,LDI,-
LSPL,LEASEPLAN ARRENDAMENTO MERCANTIL S/A,LEASEPLANAM,-
LETS,LETS RENT A CAR S/A,LETSRENTACAR,-
LFPP,LFP PARTICIPACOES S/A,LFP PARTICIP,-
LMED,LIFEMED INDUSTRIAL EQUIP. DE ART. MÉD. HOSP. S.A.,LIFEMED,MA
LIGT,LIGHT S.A.,LIGHT S/A,NM
LIGH,LIGHT SERVICOS DE ELETRICIDADE S.A.,LIGHT,-
LMOV,LIGUE MOVEL S.A.,LIGUEMOVELSA,-
LNAM,LINEA AMARILLA BRASIL PARTICIPACOES S.A..,LINEA,-
LMSA,LINHA AMARELA S.A. - LAMSA,AMARELA,-
LINH,LINHARES GERACAO S/A,LINHARESSA,-
LTTE,LINHAS DE TAUBATE TRANSMISSORA DE ENERGIA S.A.,TAUBATE,-
LTMC,LINHAS DE TRANSMISSAO DE MONTES CLAROS S.A.,MONTESCLAROS,-
LTEL,LITEL PARTICIPACOES S.A.,LITEL,MB
LTLA,LITELA PARTICIPAÇÕES S.A.,LITELA,MB
LVTC,LIVETECH DA BAHIA INDUSTRIA E COMERCIO S/A,WDC NETWORKS,NM
LCFR,LOCALFRIO S.A. - ARMAZENS GERAIS FRIGORIFICOS,LOCALFRIO,-
RENT,LOCALIZA RENT A CAR S.A.,LOCALIZA,NM
LCAR,LOCAR GUINDASTES E TRANSPORTES INTERMODAIS S.A.,LOCAR,-
LWSA,LOCAWEB SERVIÇOS DE INTERNET S.A.,LOCAWEB,NM
LOGG,LOG COMMERCIAL PROPERTIES,LOG COM PROP,NM
LOGP,LOG E PRINT DADOS VARIAVEIS S.A,LOGEPRINT,-
LOGR,LOG E PRINT GRAFICA E LOGISTICA S/A,LOGPRINT,-
VAND,LOGBRAS SALVADOR EMPREENDIMENTOS IMOBILIARIOS S/A,LOGBRAS,-
LOGN,LOG-IN LOGISTICA INTERMODAL S.A.,LOG-IN,NM
LGAM,LOGISTICA AMBIENTAL DE SAO PAULO S/A - LOGA,LOGA,-
LLBI,LOJAS LE BISCUIT S.A.,LE BISCUIT,-
LJQQ,LOJAS QUERO-QUERO S/A,QUERO-QUERO,NM
LREN,LOJAS RENNER S.A.,LOJAS RENNER,NM
RCHL,LOJAS RIACHUELO S / A,RIACHUELO,-
LONG,LONGFORD PARTICIPACOES E EMPREENDIMENTOS S.A.,LONGFORD,-
LPPP,LPP I EMPREENDIMENTOS E PARTICIPACOES S.A.,LPP I EMPREE,-
LPSB,LPS BRASIL - CONSULTORIA DE IMOVEIS S.A.,LOPES BRASIL,NM
LSHB,LSH BARRA EMPREENDIMENTOS IMOBILIARIOS S A,LSHBARRA,-
LUFP,LUFT PARTICIPACOES S.A.,LUFTPART,-
FMXS,LUIZACRED S/A SOCIEDADE DE CREDITO FINANCIAMENTO E,LUIZACREDCFI,-
LUPA,LUPATECH S.A.,LUPATECH,NM
CSSB,M.CASSAB COMÉRCIO E INDÚSTRIA LTDA.,M.CASSAB COM,-
MDIA,M.DIAS BRANCO S.A. IND COM DE ALIMENTOS,M.DIASBRANCO,NM
MIVS,M.INVEST PLANEJAMENTO E ADMINISTRACAO DE SHOPPING,MINVEST,-
MDRO,MADERO INDUSTRIA E COMERCIO S.A.,MADERO IND,-
MDRI,MADRI ADMINISTRACAO INTERMEDIACAO E PARTICIPACAO S,MADRIPART,-
MSRO,MAESTRO LOCADORA DE VEICULOS S.A.,MAESTROLOC,MA
MGLU,MAGAZINE LUIZA S.A.,MAGAZ LUIZA,NM
LEVE,MAHLE-METAL LEVE S.A.,METAL LEVE,NM
MAIB,MAIA E BORBA S.A.,MAIAEBORBA,-
MJMA,MAIOJAMA EMPREENDIMENTOS IMOBILIARIOS S.A.,MAIOJAMAEMPR,-
NSPE,MAIS SHOPPING NITEROI EMPREENDIMENTOS E PARTICIPAC,MAISSHOPPING,-
MAKR,MAKRO ATACADISTA S/A,MAKROATACADI,-
MNAU,MANAUS AMBIENTAL S.A.,MANAUSAMBIEN,-
MNHT,MANAUS HOTEIS E TURISMO S.A.,MANAUS HOTEL,MB
MANT,MANAUS TRANSMISSORA DE ENERGIA S.A.,MANAUS TRANS,-
MNDC,MANDIC S/A,MANDIC,-
MGEL,MANGELS INDUSTRIAL S.A.,MANGELS INDL,-
MNTQ,MANTIQUEIRA TRANSMISSORA DE ENERGIA S.A.,MANTIQUEIRA,-
ESTR,MANUFATURA DE BRINQUEDOS ESTRELA S.A.,ESTRELA,-
MCEN,MARACANA ENERGETICA S/A,MARACANA S/A,-
MRCN,MARACANAU GERADORA DE ENERGIA S.A.,MARACANAU,-
POMO,MARCOPOLO S.A.,MARCOPOLO,N2
MRHL,MARECHAL RONDON TRANSMISSORA DE ENERGIA S.A.,MARECHALRON,-
MRFG,MARFRIG GLOBAL FOODS S.A.,MARFRIG,NM
AMAR,MARISA LOJAS S.A.,LOJAS MARISA,NM
MVST,MARISOL VESTUARIO S.A,MARISOL,-
MLNV,MARLIN NAVEGACAO SA,MARLIN,-
MCSD,MARTINS COMERCIO E SERVICOS DE DISTRIBUICAO S.A.,MARTINSDIST,-
MSGT,MATA DE SANTA GENEBRA TRANSMISSAO S.A.,STAGENEBRA,-
MTVL,MATA VELHA ENERGETICA S.A.,MATAVELHA,-
MTSM,MATEUS SUPERMERCADOS S.A.,MATEUS,-
TPNO,MATRINCHA TRANSMISSORA DE ENERGIA TP NORTE S/A,MATRINCHA,-
MBXP,MB EXPANSAO S.A.,MBEXPANSAO,-
MDLL,MDL REALTY INCORPORADORA S.A.,MDLREALTY,-
CASH,MÉLIUZ S.A.,MELIUZ,NM
MELK,MELNICK DESENVOLVIMENTO IMOBILIÁRIO S.A.,MELNICK,NM
MERC,MERCANTIL BRASIL FINANC S.A. C.F.I.,MERC FINANC,-
MRCS,MERCANTTI EMPREENDIMENTOS IMOBILIARIOS SPE S.A.,MERCANTII,-
MCEX,MERCATO EXPRESS HOLDING DE PARTICIPACAO LTDA.,MERCATO EXPR,-
BBVL,MERCEDEZ BENZ LEASING DO BRASIL ARRENDAMENTO MERCA,MERCEDESBENZ,-
FRIO,METALFRIO SOLUTIONS S.A.,METALFRIO,NM
MTIG,METALGRAFICA IGUACU S.A.,METAL IGUACU,-
GOAU,METALURGICA GERDAU S.A.,GERDAU MET,N1
RSUL,METALURGICA RIOSULENSE S.A.,RIOSULENSE,-
MTSA,METISA METALURGICA TIMBOENSE S.A.,METISA,-
MTRB,METROBARRA S.A.,METROBARRA,-
MEZU,MEZ 1 ENERGIA LTDA.,MEZ 1 ENERGI,-
MEZ5,MEZ 5 ENERGIA S.A.,MEZ5ENERGIAS,-
MEZ6,MEZ 6 Energia Ltda.,MEZ6ENERGIAL,-
MEZT,MEZ T1 TRANSMISSORA E PARTICIPAÇÕES S.A.,MEZT1TRANSMI,-
MGIP,MGI - MINAS GERAIS PARTICIPAÇÕES S.A.,MGI PARTICIP,-
MLAN,MILANO COMERCIO VAREJISTA DE ALIMENTOS S.A..,MILANOCOMERC,-
MLNP,MILANO ENERGIA PARTICIPACOES E INVESTIMENTOS S/A,MILANO,-
MILS,MILLS ESTRUTURAS E SERVIÇOS DE ENGENHARIA S.A.,MILLS,NM
MILO,MILO INVESTIMENTOS SA,MILOINVEST,-
MNAR,MINAS ARENA - GESTAO DE INSTALACOES ESPORTIVAS S.A,MINASARENA,-
MMAQ,MINASMAQUINAS S.A.,MINASMAQUINA,-
MCRB,MINERACAO CARAIBA S.A.,MCARAIBA,-
BEEF,MINERVA S.A.,MINERVA,NM
MNGN,MINORGAN INDÚSTRIA E COMÉRCIO DE FERTILIZANTES S.A,MINORGAN,-
MNPR,MINUPAR PARTICIPACOES S.A.,MINUPAR,-
MTRE,MITRE REALTY EMPREENDIMENTOS E PARTICIPAÇÕES S.A.,MITRE REALTY,NM
MMSP,MMS PARTICIPACOES S/A,MMSPARTICIPA,-
MMXM,MMX MINERACAO E METALICOS S.A.,MMX MINER,NM
MMXS,MMX SUDESTE MINERACAO S.A.,MMXSUDESTE,-
MOBP,MOB PARTICIPACOES S.A.,MOBPARTICIP,-
MOBS,MOB SERVIÇOS DE TELECOMUNICAÇÕES S.A.,MOB SERVIÇOS,-
MBLY,Mobly S.A.,MOBLY,NM
MRHP,MONTE RODOVIAS HOLDING E PARTICIPAÇÕES SOCIETÁRIAS,MONTE RODOVI,-
MOAR,MONTEIRO ARANHA S.A.,MONT ARANHA,-
MORL,MONTREAL EMPREENDIMENTOS IMOBILIARIOS S.A.,MONTREAL,-
MRPT,MOROCO PARTICIPACOES E COMERCIO S.A.,MOROCO,-
MORR,MORRINHOS ENERGIAS RENOVAVEIS S/A,MORRINHOS,-
MBBR,MORUMBI DO BRASIL PROJETOS IMOBILIARIOS S/A,MORUMBI BR,-
MOSI,MOSAICO TECNOLOGIA AO CONSUMIDOR S.A.,MOSAICO,-
MDNE,MOURA DUBEUX ENGENHARIA S/A,MOURA DUBEUX,NM
JSLO,MOVIDA GESTAO E TERCEIRIZACAO DE FROTAS S/A,MOVIDAGEST,-
MVLV,MOVIDA LOCACAO DE VEICULOS S.A.,MOVIDALOC,-
MOVI,MOVIDA PARTICIPACOES SA,MOVIDA,NM
ESPA,MPM CORPÓREOS S.A.,ESPACOLASER,NM
MRLE,MRL ENGENHARIA E EMPREENDIMENTOS S.A.,MRLENGENHARI,-
MRSA,MRS LOGISTICA S.A.,MRS LOGIST,MB
MRVE,MRV ENGENHARIA E PARTICIPACOES S.A.,MRV,NM
MSPS,MS PARTICIPACOES SOCIETARIAS S.A,MSPARTICIPAC,-
MTEC,MTEL TECNOLOGIA SA,MTELTECSA,-
MUDA,MUDAR SPE MASTER EMPREENDIMENTOS IMOBILIARIOS S/A,MUDARSPESA,-
MLAS,MULTILASER INDUSTRIAL S.A.,MULTILASER,NM
MLOG,MULTILOG S.A.,MULTILOG,-
MULT,MULTIPLAN - EMPREEND IMOBILIARIOS S.A.,MULTIPLAN,N2
MTTM,MULTITERMINAIS S.A.,MULTITERMINA,-
MNDL,MUNDIAL S.A. - PRODUTOS DE CONSUMO,MUNDIAL,-
MVSA,MV PARTICIPACOES S.A.,MVPARTICIPAC,-
ZEPP,N. ZEPPONE S.A.,NZEPPONESA,-
NLSP,N.O.L.S.P.E. EMPREENDIMENTOS E PARTICIPAÇÕES S.A.,N.O.L.S.P.E.,-
NMHG,NAMPONT HOLDINGS S.A.,NAMPONT,-
NASX,NASCENTES DO XINGU PARTICIPACOES E ADMINISTRACAO S,XINGUPART,-
NATX,NATIXIS BRASIL S/A BANCO MULTIPLO,NATIXISBM,-
NTCO,NATURA &CO HOLDING S.A.,GRUPO NATURA,NM
NATU,NATURA COSMETICOS S.A.,NATURA,-
NTON,NATURAL ONE S/A,NATURALONE,-
NCEN,NC ENERGIA S.A.,NCENERGIA,-
NEER,NEERANS EMPREENDIMENTOS E PARTICIPACOES S/A,NEERANS,-
NGSC,NEGRESCO S/A CREDITO FINANCIAMENTO E INVESTIMENTO,NEGRESCOCFI,-
CEBD,Neoenergia Distribuicao Brasilia S.A,NEOENERGIADI,-
NITA,NEOENERGIA ITABAPOANA TRANSMISSAO DE ENERGIA S/A,NEOENERGIA I,-
NEOE,NEOENERGIA S.A.,NEOENERGIA,NM
NGRD,NEOGRID PARTICIPACOES S.A.,NEOGRID,NM
NORD,NORDON INDUSTRIAS METALURGICAS S.A.,NORDON MET,-
NAMG,NORTE ASSET MANAGEMENT GESTÃO DE RECURSOS S.A.,NORTE ASSET,-
NRTB,NORTE BRASIL TRANSMISSORA DE ENERGIA S.A.,NORTEBR,-
NTEN,NORTE ENERGIA S/A,NORTEENERGIA,-
NRTQ,NORTEC QUÍMICA S.A.,NORTCQUIMICA,-
NDMI,NOTRE DAME INTERMEDICA SAUDE S/A,NOTREDAME,-
NIGP,NOVA INFRAESTRUTURA GASODUTOS PARTICIPAÇÕES S.A.,NOVA INFRAES,-
NVPC,NOVA PONTOCOM COMERCIO ELETRONICO SA,PONTOCOM,-
NTSD,NOVA TRANSPORTADORA DO SUDESTE S.A. ¿ NTS,NOVANTS,-
NVFE,NOVA VENTO FORMOSO ENERGIAS RENOVAVEIS S.A.,VENTOFORMOSO,-
NVTE,NOVA VENTOS DE TIANGUA ENERGIAS RENOVAVEIS S.A,NVTIANGUA,-
NVTN,NOVA VENTOS DE TIANGUA NORTE ENERGIAS RENOVAVEIS S,TIANGUANORTE,-
NVMC,NOVA VENTOS DO MORRO DO CHAPEU ENERGIAS RENOVAVEIS,CHAPEUENERGI,-
NVPE,NOVA VENTOS DO PARAZINHO ENERGIAS RENOVAVEIS S.A,NOVAVENTOS,-
NBCB,NOVO BANCO CONTINENTAL S.A. BANCO MULTIPLO,NBCBM,-
NSDI,NS2.COM INTERNET S/A,NS2,-
NUBR,NU HOLDINGS LTD.,NU-NUBANK,DR3
NFAR,NUFARM INDUSTRIA QUIMICA E FARMACEUTICA S.A.,NUFARM,-
NUTR,NUTRIPLANT INDUSTRIA E COMERCIO S.A.,NUTRIPLANT,MA
NVNI,NUVINI S.A.,NUVINI S.A.,-
OAMS,O.A.M.S.P.E. EMPREENDIMENTOS E PARTICIPAÇÕES S.A.,O.A.M.S.P.E.,-
OASP,OAS S/A - EM RECUPERACAO JUDICIAL,OAS,-
OCHS,OCEAN HOUSES INCORPORACAO IMOBILIARIA S/A,OCEAN,-
OCER,OCEANAIR LINHAS AEREAS S.A,OCEANAIR,-
OENC,OCEÂNICA ENGENHARIA E CONSULTORIA S.A.,OCEANICAENGE,-
OPCT,OCEANPACT SERVICOS MARITIMOS S.A.,OCEANPACT,NM
OCTS,OCTANTE SECURITIZADORA S.A.,OCTANTE SEC,-
FOZM,ODEBRECHT AMBIENTAL - MACAE S.A.,ODEBRECHTMAC,-
ODBA,ODEBRECHT AMBIENTAL S.A.,ODEBRECHTAMB,-
ODEB,ODEBRECHT ENERGIA S.A.,ODEBENER,-
OHPT,ODEBRECHT PARTICIPACOES E INVESTIMENTOS S.A.,ODEBPARTINV,-
ODCT,ODEBRECHT S.A.,ODEBSA,-
ODBS,ODEBRECHT SERVICOS E PARTICIPACOES S/A,ODEBRECHTPAR,-
ODBT,ODEBRECHT TRANSPORT PARTICIPACOES S.A.,ODEBRECHTTRA,-
ODTR,ODEBRECHT TRANSPORT S.A.,ODEBRETRANS,-
ODPV,ODONTOPREV S.A.,ODONTOPREV,NM
ODYA,ODOYA TRANSMISSORA DE ENERGIA S.A..,ODOYAENERGIA,-
OESD,OEA EOLICA CORREDOR DO SENANDES 2 S.A,EOLICA2,-
OEST,OEA EOLICA CORREDOR DO SENANDES III S.A.,SENANDESIII,-
OESQ,OEA EOLICA CORREDOR DO SENANDES IV S.A.,OEAEOLICAIV,-
OEAR,OEA EOLICA VENTO ARAGANO I S.A.,VENTOARAGANO,-
OIBR,OI S.A.,OI,N1
OBIO,OLEOPLAN S.A - ÓLEOS VEGETAIS PLANALTO,OLEOPLAN,-
OPEI,OLIMPIO PARTICIP. E EMPREEND. IMOBILIÁRIOS LTDA.,OLIMPIO,-
OMNG,OMEGA ENERGIA E IMPLANTACAO 2 S.A.,OMEGA2,-
MEGA,OMEGA ENERGIA S.A.,OMEGAENERGIA,NM
BPEC,OMNI BANCO S/A,OMNIBM,-
OMTX,OMNI TÁXI AÉREO S.A.,OMNI TAXI AE,-
ONCO,ONCOCLINICAS DO BRASIL SERVICOS MEDICOS S.A.,ONCOCLINICAS,NM
RBRA,OPEA SECURITIZADORA S.A.,RBCAPITALRES,MB
OTPA,OPTIPAR PARTICIPACOES S. A.,OPTIPAR PART,-
ODRP,OR EMPREENDIMENTOS IMOBILIARIOS E PARTICIPACOES S/,ORSA,-
ORBQ,ORBI QUÍMICA S/A,ORBI QUIMICA,-
ORVR,ORIZON VALORIZACAO DE RESIDUOS S.A.,ORIZON,NM
OSPV,OSP INVESTIMENTOS S/A,OSPINVEST,-
OSXB,OSX BRASIL S.A.,OSX BRASIL,NM
OSXN,OSX CONSTRUCAO NAVAL SA-EM REC.JUDICIAL,OSX,-
OTSL,OT SERVIÇOS DE LOGÍSTICA E TRANSPORTES LTDA,OT SERVIÇOS,-
OSEC,OURINVEST SECURITIZADORA SA,OURINVESTSEC,-
OFSA,OURO FINO SAUDE ANIMAL PARTICIPACOES S.A.,OUROFINO S/A,NM
OPGR,OURO PRETO GESTAO DE RECURSOS S.A.,OUROPRETO,-
SNRO,OURO PRETO SERVIÇOS DE SANEAMENTO S.A.  SANEOURO,OURO PRETO S,-
OVSA,OURO VERDE LOCACAO E SERVICO S.A.,OURO VERDE,-
OYAM,OYAMOTA DO BRASIL S.A.,OYAMOTA BR,MB
PACR,PACER TRANSPORTE E LOGISTICA S.A.,PACER,-
PDTC,PADTEC HOLDING S.A.,PADTEC,NM
PADT,PADTEC S.A.,PADTECSA,-
PADP,PADUA IV PARTICIPACOES S.A.,PADUA IV,-
AVTS,PAG S.A MEIOS DE PAGAMENTO,PAG,-
PGSA,PAGRISA PARÁ PASTORIL E AGRICOLA S.A.,PAGRISA,MB
PATI,PANATLANTICA S.A.,PANATLANTICA,-
PRBC,PARANA BCO S.A.,PARANA,-
CABP,PARANAGUA SANEAMENTO S/A,PARANAGUA,-
PRTE,PARANAIBA TRANSMISSORA DE ENERGIA S.A.,PARANAIBA,-
PMAM,PARANAPANEMA S.A.,PARANAPANEMA,NM
PTAZ,PARINTINS AMAZONAS TRANSMISSORA DE ENERGIA S.A.,PARINTINS AM,-
PRKE,PARK EMPREENDIMENTOS COMERCIAIS S.A.,PARKEMPREE,-
PGNA,PARNAIBA GAS NATURAL S.A.,PARNAIBAGAS,-
PNBI,Parnaíba I,PARNAIBAI,-
PIIG,Parnaíba II,PARNAIBA II,-
UTEP,PARNAIBA III GERACAO DE ENERGIA S.A.,PARNAIBAIII,-
PRQE,PARQUE DA LAGOA DESENVOLVIMENTO IMOBILIARIO S/A,PARQUEDALAGO,-
PQSS,PARQUE EOLICO ASSURUA II S.A.,ASSURUAII,-
PQAR,PARQUE EOLICO ASSURUA V S.A.,ASSURUA,-
PQER,PARQUE EOLICO ASSURUA VII S.A.,ASSURUAVII,-
PQEL,PARQUE EOLICO LARANJEIRAS III S.A.,LARANJEIRASI,-
PQLR,PARQUE EOLICO LARANJEIRAS IX S.A.,LARANJEIRASI,-
PHMA,PARTNERS PHARMA PARTICIPACOES S/A,PARTPHARMA,-
NOOS,PATRIA CIA SECURITIZADORA DE CRED IMOB,PATRIA SEC,-
RAIN,PAU RAINHA GERACAO E COMERCIO DE ENERGIA SPE S/A,PAU RAINHA,-
PPHT,PAULISTA PRAIA HOTEL S.A.,PRAIA HOTEL,MB
PTBL,PBG S/A,PORTOBELLO,NM
PBHA,PBH ATIVOS S.A.,PBH ATIVOS,MB
PCHV,PCH BV II GERAÇÃO DE ENERGIA S.A.,PCH BV II GE,-
PCHH,PCH HOLDING 2 S.A.,PCHHOLDING,-
PDCP,PDC PARTICIPACOES S.A.,PDCPART,-
PDGS,PDG COMPANHIA SECURITIZADORA,PDG SECURIT,-
PDGR,PDG REALTY S.A. EMPREEND E PARTICIPACOES,PDG REALT,NM
PDLS,PDL 1.0 COMPANHIA SECURITIZADORA DE CREDITOS FINA,PDL10,-
PDCI,PEDRA CHEIROSA I ENERGIA S/A,PEDRAI,-
PCII,PEDRA CHEIROSA II ENERGIA S/A,PEDRAII,-
PCRP,PERSONAL CARE PARTICIPAÇÕES S.A.,PERSONALCARE,-
PETZ,PET CENTER COMERCIO E PARTICIPACOES S.A.,PETZ,NM
PTRA,PETRA ENERGIA S/A,PETRA,-
PTGD,PETRA GOLD SERVIÇOS FINANCEIROS S.A.,PETRA GOLD,-
PRIO,PETRO RIO S.A.,PETRORIO,NM
PETR,PETROLEO BRASILEIRO S.A. PETROBRAS,PETROBRAS,N2
RECV,PETRORECÔNCAVO S.A.,PETRORECSA,NM
PTNT,PETTENATI S.A. INDUSTRIA TEXTIL,PETTENATI,-
PNXT,PHOENIX TOWER PARTICIPACOES S/A,PHOENIX,-
PIRP,PIRAPORA II ENERGIAS RENOVAVEIS S.A.,PIRAPORAIIEN,-
PRPO,PIRAPORA II SOLAR HOLDING S.A.,PIRAPORAII,-
PRPA,PIRAPORA III ENERGIAS RENOVAVEIS S.A.,PIRAPORAIIIE,-
PPRA,PIRAPORA IV ENERGIAS RENOVAVEIS S.A.,PIRAPORAIVEN,-
PPIX,PIRAPORA IX ENERGIAS RENOVAVEIS S/A,PIRAPORAIX,-
PRAS,PIRAPORA SOLAR HOLDING S.A.,PIRAPOA SOLA,-
PRRV,PIRAPORA V ENERGIAS RENOVAVEIS SA,PIRAPORAV,-
PPVI,PIRAPORA VI ENERGIAS RENOVAVEIS S/A,PIRAPORAVI,-
PVII,PIRAPORA VII ENERGIAS RENOVAVEIS SA,PIRAPORAVII,-
PRPX,PIRAPORA X ENERGIAS RENOVAVEIS S/A,PIRAPORAX,-
GAIA,PLANETA SECURITIZADORA S.A.,GAIA SECURIT,MB
PLPL,PLANO & PLANO DESENVOLVIMENTO IMOBILIÁRIO S.A.,PLANOEPLANO,NM
PLAS,PLASCAR PARTICIPACOES INDUSTRIAIS S.A.,PLASCAR PART,-
PGTE,PLUGIFY TECNOLOGIA S.A.,PLUGIFY TECN,-
PSLA,PNEUSOLA PNEUS E PECAS S/A,PNEUSOLA,-
PLSC,POLO CAPITAL SECURITIZADORA S.A,POLO CAP SEC,-
PLIN,POLO INDUSTRIA E COMERCIO S/A.,POLO,-
PPAR,POLPAR S.A.,POLPAR,-
FRTA,POMIFRUTAS S/A,POMIFRUTAS,NM
PARJ,PORTALEGRE RJ PARTICIPACOES S.A.,PORTALEGREPA,-
PORB,PORTO DAS BARCAS ENERGIA S.A.,BARCASENERGI,-
LLXA,PORTO DO ACU OPERACOES SA,PORTOACU,-
PPEN,PORTO DO PARNAIBA ENERGIA S.A.,PARNAIBAENER,-
PCEM,PORTO DO PECEM GERACAO DE ENERGIA .S.A..,PORTODOPECEM,-
PPTE,PORTO PRIMAVERA TRANSMISSORA DE ENERGIA S/A,PORTOPRIMA,-
POSG,PORTO SALGADO ENERGIA S.A.,SALGADO,-
PPLV,PORTO SEGURO LOCADORA DE VEÍCULOS LTDA.,PORTOLOC,-
PSSA,PORTO SEGURO S.A.,PORTO SEGURO,NM
MMXP,PORTO SUDESTE DO BRASIL S/A,PORTOBRASIL,-
PSVM,PORTO SUDESTE V.M. S.A.,PORTO VM,-
PTCR,PORTOCRED S.A. CFI,PORTOCREDCFI,-
PPNV,PORTONAVE PARTICIPACOES S.A.,PORTONAVEPAR,-
PTNV,PORTONAVE S.A.- TERMINAIS PORTUARIOS DE NAVEGANTES,PORTONAVE,-
PTSG,PORTOSEG S.A. CREDITO FINANCIAMENTO E INVESTIMENTO,PORTOSEG,-
POSI,POSITIVO TECNOLOGIA S.A.,POSITIVO TEC,NM
PSAL,POUSO ALEGRE COMERCIAL E AGROPECUARIA S/A,POUSOALEGRE,-
PPLA,PPLA PARTICIPATIONS LTD.,PPLA,DR3
PTCA,PRATICA KLIMAQUIP INDUSTRIA E COMERCIO SA,PRATICA,M2
PMAV,PRIMAV CONSTRUCOES E COMERCIO S/A,PRIMAVCONST,-
PINF,PRIMAV INFRAESTRUTURA S/A,PRIMAV INFRA,-
PMIC,PRIME INCORPORACOES E CONSTRUCOES S/A,PRIMEINC,-
RBRE,PRIME REALTY II EMPREENDIMENTOS IMOBILIARIOS S.A.,PRIMEII,-
BTOG,PRINCIPAL DSB SERVICOS DE OLEO E GAS II S.A.,DSBSERVICOS,-
DSBG,PRINCIPAL DSB SERVICOS DE OLEO E GAS S.A.,PRINCIPALDSB,-
PRNR,PRINER SERVIÇOS INDUSTRIAIS S.A.,PRINER,NM
PRVA,PRIVALIA BRASIL S.A.,PRIVALIA,-
PRMN,PRODUTORES ENERGET.DE MANSO S.A.- PROMAN,PROMAN,MB
PFRM,PROFARMA DISTRIB PROD FARMACEUTICOS S.A.,PROFARMA,NM
PPGE,PROGEN PROJETOS GERENCIAMENTO E ENGENHARIA S.A.,PROGEN PROJE,-
PIMB,PROJETO IMOBILIARIO C 2 SA,C2,-
PRLK,PROJETO LAKE S.A.,PROJETO LAKE,-
PRPT,PROMPT PARTICIPACOES S.A.,PROMPT PART,MB
ESPB,PROPERTY BRASIL S.A.,PROPERTYBR,-
PROQ,PROQUIGEL QUIMICA S/A.,PROQUIGEL,-
SGCE,PROSEGUR HOLDING E PARTICIPACOES S.A,PROSEGPART,-
PRSL,PROSIMULADOR TECNOLOGIA DE TRANSITO S/A,PROSIMULADOR,-
PRSH,PRUDENSHOPPING S.A.,PRUDENSHOPPI,-
QUCR,Q1 COMERCIAL DE ROUPAS S/A,Q1COMERCIAL,-
QCAB,QUALICORP ADMINISTRADORA DE BENEFICIOS S/A,QUALICORPADM,-
QUAL,QUALICORP CONSULTORIA E CORRETORA DE SEGUROS S.A.,QUALICORP,NM
QCCS,QUALICORP CORRETORA DE SEGUROS S/A,QUALICORSEG,-
QUSW,QUALITY SOFTWARE S.A.,QUALITY SOFT,MA
QRZG,QUEIROZ GALVAO DESENVOLVIMENTO DE NEGOCIOS S.A.,QGALVAO,-
QGDI,QUEIROZ GALVAO DESENVOLVIMENTO IMOBILIARIO S.A.,QUEIROZGALVA,-
QGSA,QUEIROZ GALVAO S/A,QUEIROZGALVA,-
QXDA,QUEIXADA ENERGETICA S/A,QUEIXADA,-
QUEV,QUEVEDOS ENERGETICA S/A,QUEVEDOS ENE,-
RPPB,R.P. PARTICIPAÇÕES EM BIOCOMBUSTÍVEIS S.A.,RP PARTICIP,-
REII,R039 EXTREMA 2 EMPREENDIMENTOS E PARTICIPACOES S.A,R039EXTREMA2,-
RTBD,RADIO E TELEVISAO BANDEIRANTES S.A.,BANDEIRANTES,-
RADL,RAIA DROGASIL S.A.,RAIADROGASIL,NM
RESA,RAIZEN ENERGIA S.A.,RAIZEN ENERG,-
RAIZ,RAIZEN S.A.,RAIZEN,N2
RAPT,RANDON S.A. IMPLEMENTOS E PARTICIPACOES,RANDON PART,N1
RBCC,RB CAPITAL COMMERCIAL PROPERTIES S.A.,RBCOMMERCIAL,-
RBHO,RB CAPITAL HOLDING S.A,RBCAPHOLDING,-
CPRB,RB CAPITAL S.A,RBCAP,-
RBMM,RB COMMERCIAL PROPERTIES 30 EMPREEND. IMOB. S.A.,RB COM PROP,-
RBSA,RBS PARTICIPACOES S.A.,RBS,-
RCHE,RCH EMPREENDIMENTOS IMOBILIARIOS S.A,RCHEMPREENDI,-
WTPI,REAL AI PIC SEC DE CREDITOS IMOBILIARIO S.A.,WTORRE PIC,-
REFL,REAL ESTATE FLORESTAL EMPREENDIMENTOS IMOBILIARIOS,REALEFLOREST,-
RSTE,REAL ESTATE XVI INVESTIMENTOS IMOBILIARIOS E PARTI,REALESTATE,-
RLZE,REALIZE CREDITO FINANCIAMENTO E INVESTIMENTO SA,REALIZECFI,-
RBRN,REALTY IX EMPREENDIMENTOS IMOBILIARIOS LTDA,REALTYIX,-
RBST,REALTY VII EMP. IMOBILIARIOS S.A.,REALTYVII,-
REBE,REB EMPREENDIMENTOS E ADMINISTRADORA DE BENS S/A,REBSA,-
PEEC,REC 2017 EMPREENDIMENTOS E PARTICIPACOES I S.A.,RECI,-
PCEE,REC 2017 EMPREENDIMENTOS E PARTICIPACOES II S.A.,RECII,-
RCIX,REC 2017 EMPREENDIMENTOS E PARTICIPACOES IX S.A.,REC2017IX,-
RCVI,REC 2017 EMPREENDIMENTOS E PARTICIPACOES VI SA,REC2017VI,-
RECE,REC 2017 EMPREENDIMENTOS E PARTICIPACOES VII S.A.,REC2017VII,-
RECS,REC 2019 III EMPREENDIMENTOS E PARTICIPACOES S.A.,REC 2019 III,-
RECC,REC CAJAMAR II S.A.,REC CAJAMAR,-
RCCA,REC CAJAMAR S.A,RECAJAMAR,-
RCPS,REC CIPASA S.A.,REC CIPASA,-
RDCX,REC DUQUE DE CAXIAS I S.A.,REC DUQUE DE,-
RECJ,REC JUNDIAÍ III EMPREENDIMENTOS IMOBILIÁRIOS S/A,RECJUNDIAI,-
RLEI,REC LOG 331 EMPREENDIMENTOS IMOBILIARIOS S.A.,REC LOG 331,-
RCLG,REC LOG 411 S.A..,REC LOG 411,-
REEP,REC REGIS EMPREENDIMENTOS E PARTICIPAÇÕES S.A.,REC REGIS EM,-
RCSL,RECRUSUL S.A.,RECRUSUL,-
RDOR,Rede DOr São Luiz S.A.,REDE D OR,NM
REDE,REDE ENERGIA PARTICIPAÇÕES S.A.,REDE ENERGIA,-
RIPI,REFINARIA DE PETRÓLEO RIOGRANDENSE S.A.,RIOGRANDENSE,-
RPMG,REFINARIA DE PETROLEOS MANGUINHOS S.A.,PET MANGUINH,-
RLBL,RENAULT DO BRASIL S.A.,RENAULTBR,-
RNSA,RENOSA PARTICIPACOES S.A,RENOSAPART,-
RNEW,RENOVA ENERGIA S.A.,RENOVA,N2
RNAG,RENOVAGRO AGRICULTURA RENOVAVEL,RENOVAGRO AG,-
REVC,RENOVIAS CONCESSIONARIA S/A,RENOVIAS,-
LLIS,RESTOQUE COMÉRCIO E CONFECÇÕES DE ROUPAS S.A.,LE LIS BLANC,NM
RVLO,REVELO COMPANHIA SECURITIZADORA DE CRÉDITOS FINANC,REVELO COMPA,-
RVTA,REVITA ENGENHARIA S.A.,REVITAENG,-
AESL,RGE SUL DISTRIBUIDORA DE ENERGIA S.A.,AES SUL,-
RILM,RIALMA COMPANHIA ENERGETICA IV S/A,RIALMAIV,-
RALB,RINCAO DOS ALBINOS ENERGETICA S/A,RINCAOALBINO,-
RSME,RINCAO SAO MIGUEL ENERGETICA S/A,RINCAO S MIG,-
RIOC,RIO CANOAS ENERGIA S/A,RIOCANOAS,-
RCEN,RIO CASCA ENERGÉTICA S.A.,RIO CASCA EN,-
RCOR,RIO CORRENTE S/A,RIO CORRENTE,-
REPS,RIO ENERGY PARTICIPAÇÕES S.A.,RIO ENERGY P,-
IACO,RIO IACO PARTICIPACOES S.A.,RIOIACO,-
GEPA,RIO PARANAPANEMA ENERGIA S.A.,GER PARANAP,-
RPTL,RIO PETROLEO SPE S/A COMPANHIA SECURITIZADORA DE C,RIOPETROLEOS,-
RFRT,RIOFORTE INVESTMENT HOLDING BRASIL S.A.,RIOFORTE,-
RISF,RIOMAR SHOPPING FORTALEZA S/A,RIOMAR SHOPP,-
RJGT,RJGTIA COMPANHIA SECURITIZADORA DE CREDITOS FINANC,RJGTIASEC,-
RNCV,RN COMERCIO VAREJISTA S/A,RNCOMERCIO,-
RDNI,RNI NEGÓCIOS IMOBILIÁRIOS S.A.,RNI,NM
ROCC,ROCCO HOSPITALAR ADMINISTRACAO E PARTICIPACOES S/A,ROCCOHOSP,-
ROCH,ROCHA TERMINAIS PORTUARIOS E LOGISTICA S.A.,ROCHALOGSA,-
RBNS,RODOBENS S.A,RODOBENS,-
RDVC,RODOVIA DAS CATARATAS S/A ECOCATARATAS,RODOVIACATAR,-
COLN,RODOVIAS DAS COLINAS S.A.,ROD COLINAS,-
RODB,RODOVIAS DO BRASIL HOLDING S.A.,RODOVIAS DO,-
VIAL,RODOVIAS INTEGRADAS DO OESTE S/A,RODOVIASOEST,-
RSID,ROSSI RESIDENCIAL S.A.,ROSSI RESID,NM
RTEP,RT 071 EMPREENDIMENTOS E PARTICIPAÇÕES S.A.,RT071 EMPREE,-
RSVT,RUASINVEST PARTICIPACOES S.A.,RUASINVEST,-
FRRN,RUMO MALHA NORTE S.A.,ALL NORTE,MB
GASC,RUMO MALHA PAULISTA S.A.,ALL PAULISTA,MB
RAIL,RUMO S.A.,RUMO S.A.,NM
RVAC,RVA CONSTRUCOES E INCORPORACOES S.A,RVACONSTRUCO,-
RZKB,RZK BIOGAS 02 SA.,RZKBIOGAS02S,-
SAUC,S.A. USINA CORURIPE AÇÚCAR E ÁLCOOL,USINACORUIPE,-
CRBZ,S/A CORREIO BRAZILIENSE,BRAZILIENSE,-
OESP,S/A O ESTADO DE S.PAULO,OESTADO,-
SACV,SA CAVALCANTE PARTICIPACOES S.A.,SACAVALCANTE,-
GUAP,SALTO DO GUASSUPI ENERGETICA S/A,SALTOGUASSUP,-
SLUD,SALUS EMPREENDIMENTOS LOGISTICOS II S/A,SALUSII,-
SLUS,SALUS EMPREENDIMENTOS LOGISTICOS S A,SALUS,-
SAIP,SALUS INFRAESTRUTURA PORTUARIA SA,SALUS INFRA,-
SLUA,SAMAR-SOLUCOES AMBIENTAIS DE ARACATUBA S/A,SAMAR,-
SAMM,SAMM - SOCIEDADE DE ATIVIDADES EM MULTIMIDIA LTDA,SAMM,-
CEMS,SANEAMENTO 100 INVESTIMENTO E PARTICIPACOES S/A,SANEAME 100,-
SAAB,SANEAMENTO AMBIENTAL AGUAS DO BRASIL SA,AGUASDOBRASI,-
SNST,SANESALTO SANEAMENTO S.A.,SANESALTO,-
SNSY,SANSUY S.A. INDUSTRIA DE PLASTICOS,SANSUY,-
SCPW,SANTA CRUZ POWER CORPORATION USINAS HIDROELETRICAS,SANTACRUZ,-
SLZG,SANTA LUZ GERACAO E COMERCIO DE ENERGIA SPE S/A.,SANTA LUZ,-
URSL,SANTA URSULA ENERGIAS RENOVAVEIS S.A.,SANTAURSULA,-
SVTR,SANTA VITORIA DO PALMAR ENERGIAS RENOVAVEIS S.A.,VITORIAENERG,-
SVIT,SANTA VITORIA DO PALMAR HOLDING S.A.,SANTAVITORIA,-
STVI,SANTA VITORIA DO PALMAR I ENERGIAS RENOVAVEIS S.A.,PALMARI,-
SVII,SANTA VITORIA DO PALMAR II ENERGIAS RENOVAVEIS S.A,PALMARII,-
SIII,SANTA VITORIA DO PALMAR III ENERGIAS RENOVAVEIS S.,PALMARIII,-
SNIV,SANTA VITORIA DO PALMAR IV ENERGIAS RENOVAVEIS S.A,PALMARIV,-
SVIX,SANTA VITORIA DO PALMAR IX ENERGIAS RENOVAVEIS S.A,PALMARIX,-
STLV,SANTA VITORIA DO PALMAR V ENERGIAS RENOVAVEIS S.A.,PALMARV,-
SNVI,SANTA VITORIA DO PALMAR VI ENERGIAS RENOVAVEIS S.A,PALMARVI,-
SNII,SANTA VITORIA DO PALMAR VII ENERGIAS RENOVAVEIS S.,PALMARVII,-
VIII,SANTA VITORIA DO PALMAR VIII ENERGIAS RENOVAVEIS S,PALMARVIII,-
SVTX,SANTA VITORIA DO PALMAR X ENERGIAS RENOVAVEIS S.A.,PALMARX,-
SVXI,SANTA VITORIA DO PALMAR XI ENERGIAS RENOVAVEIS S.A,PALMARXI,-
SXII,SANTA VITORIA DO PALMAR XII ENERGIAS RENOVAVEIS S.,PALMARXII,-
SNTN,SANTANA S/A CREDITO FINANCIAMENTO E INVESTIMENTO,SANTANACFI,-
PSAF,SANTANDER FINANCE ARRENDAMENTO MERCANTIL S/A,SANTFINANCEA,-
STVT,SANTINVEST S/A CFI,SANTINVESTCF,-
TAVX,SANTISTA WORK SOLUTION SA,SANTISTA,-
STEN,SANTO ANTONIO ENERGIA S.A.,STO ANTONIO,-
STBP,SANTOS BRASIL PARTICIPACOES S.A.,SANTOS BRP,NM
STEP,SANTOS ENERGIA PARTICIPACOES S.A,SANTOSENERGI,-
BTLM,SÃO BARTOLOMEU GERADORA DE ENERGIA RENOVÁVEL S.A.,BARTOLOMEU,-
SCAR,SAO CARLOS EMPREEND E PARTICIPACOES S.A.,SAO CARLOS,NM
SAJE,SAO JOAO ENERGETICA S/A,SAOJOAOENERG,-
SMTO,SAO MARTINHO S.A.,SAO MARTINHO,NM
AHEB,SAO PAULO TURISMO S.A.,SPTURIS,-
SRVA,SARAIVA EDUCACAO S/A,SARAIVAEDUC,-
SLED,SARAIVA LIVREIROS S.A. - EM RECUPERAÇÃO JUDICIAL,SARAIVA LIVR,N2
SAXC,SAX SA CREDITO FINANCIAMENTO E INVESTIMENTO,SAXCFI,-
SBBO,SB BONSUCESSO ADMINISTRADORA DE SHOPPINGS S.A.,SBBONSUCESSO,-
SBFC,SBF COM PRODUTOS ESPORTIVOS LTDA,SBF COM PROD,-
SCMR,SC2 MARANHÃO LOCAÇÃO DE CENTROS COMERCIAIS S.A.,SC2 MARANHÃO,-
SCLN,SCALINA S/A,SCALINA,-
SCNA,SCANIA BANCO S/A,SCANIABM,-
SCGH,SCG III HOLDING S.A.,SCGIII,-
SHUL,SCHULZ S.A.,SCHULZ,-
DRES,SCOTIABANK BRASIL S/A BANCO MULTIPLO,SCOTIABANKBM,-
SCRC,SCR II Companhia Securitizadora de Créditos Financ,SCRIICOMPSEC,-
VNYD,SE VINEYARDS TRANSMISSÃO DE ENERGIA S/A,VINEYARDS,-
SCID,SECID ¿ SOCIEDADE EDUCACIONAL CIDADE DE SAO PAULO,SECID,-
SCAZ,SECULUS DA AMAZONIA INDUSTRIA E COMERCIO S.A.,SECULUS,-
SCIV,SECURITIZADORA DE CRÉDITOS IMOBILIÁRIOS VERT S.A.,SEC VERT SA,-
ASAI,SENDAS DISTRIBUIDORA S.A.,ASSAI,NM
SENF,SENFF S.A - CREDITO FINANCIAMENTO E INVESTIMENTO,SENFFCFI,-
SQOI,SEQUOIA LOG S/A,SEQUOIALOG,-
SEQL,SEQUOIA LOGISTICA E TRANSPORTES S.A,SEQUOIA LOG,NM
SEER,SER EDUCACIONAL S.A.,SER EDUCA,NM
IBPB,SERRA DE IBIAPABA TRANSMISSORA DE ENERGIA S/A,IBIAPABA,-
SDMH,SERRA DO MEL HOLDING S.A.,SERRA DO MEL,-
SERS,SERRA DO SERIDÓ F1 HOLDING S.A.,SERRA DO SER,-
SRRH,SERRAS HOLDING S.A.,SERRAS,-
SRNV,SERTAO ENERGIAS RENOVAVEIS S/A,SERTAOENERGI,-
SRTI,SERTAO I SOLAR ENERGIA SPE S.A.,SERTAOISOLAR,-
STAH,SETAH OPERACOES S.A.,SETAH,-
STEB,SETE BRASIL PARTICIPACOES S.A,SETEBRASILPA,-
STLC,SETELOC S.A.,SETELOCSA,-
GNRL,SG EQUIPMENT FINANCE S/A ARRENDAMENTO MERCANTIL,SGFINANCEAM,-
EBIG,SHOPPING DO CIDADAO SERVICOS E INFORMATICA S.A.,SHOPCIDADAO,-
APTI,SIDERURGICA J. L. ALIPERTI S.A.,ALIPERTI,-
SIMR,SIDERÚRGICA NORTE BRASIL S.A.,SIMARA,MB
SIFC,SIFCO S.A.,SIFCO,-
SIMO,SIMÕES TRANSMISSORA DE ENERGIA ELÉTRICA S.A.,SIMÕES TRANS,-
SIMH,SIMPAR S.A.,SIMPAR,NM
SINO,SINOSSERRA FINANCEIRA SA SOCIEDADE DE CREDITO FINA,SINOSSERRACF,-
SQIA,SINQIA S.A.,SINQIA,NM
SPCM,SIPCAM NICHINO BRASIL S/A,SIPCAMNICHIN,-
SLOU,SISTEMA PRODUTOR SAO LOURENCO S/A,LOURENCO,-
SLCE,SLC AGRICOLA S.A.,SLC AGRICOLA,NM
SMRR,SMART RIO ACADEMIA DE GINASTICA S.A.,SMARTRIO,-
SMRJ,SMART RJ CONCESSIONÁRIA DE ILUMINAÇÃO PÚBLICA SPE,SMART RJ CON,-
SMAH,SMART.NET HOLDINGS S.A.,SMARTNET,-
SMFT,SMARTFIT ESCOLA DE GINÁSTICA E DANÇA S.A.,SMART FIT,NM
SOAR,SOARES PENIDO CONCESSOES S/A,SPENIDOCONC,-
SPND,SOARES PENIDO PARTICIPACOES E EMPREENDIMENTOS S/A,SOARES,-
SISE,SOBRAL I SOLAR ENERGIA SPE S.A.,SOBRALSOLAR,-
SASS,SOCIEDADE ADMINISTRADORA DE ESTACIONAMENTOS E SERV,SOCADMESTSER,-
HERS,SOCIEDADE COMERCIAL E IMPORTADORA HERMES S/A,HERMES,-
SFBR,SOCIEDADE FIDUCIARIA BRASILEIRA SERVICOS NEGOCIOS,BRASILEIRAPA,-
SRTV,SOCIEDADE RADIO E TELEVISAO ALTEROSA SA,RADIOALTEROS,-
SOCI,SOCINAL S/A CREDITO FINANCIAMENTO E INVESTIMENTO,SOCINALCFI,-
SLRI,SOLARIS EQUIPAMENTOS E SERVICOS S.A.,SOLARIS,-
SSCF,SOLFACIL SECURITIZADORA CREDITO FINANCEIRO S.A.,SOLFACIL SEC,-
SLFM,SOLFARMA COMERCIO DE PRODUTOS FARMACEUTICOS S/A,SOLFARMA,-
SOFS,SOLFARMA SECURITIZADORA DE CREDITOS MERCANTIS S.A.,SOLFARMA SEC,-
SLVI,SOLVI PARTICIPACOES S.A.,SOLVIPART,-
GAGL,SOMOS SISTEMAS DE ENSINO S/A,SOMOSENSINO,-
SNDA,SONDA SUPERMERCADOS EXPORTACAO E IMPORTACAO S/A,SONDA,-
SOND,SONDOTECNICA ENGENHARIA SOLOS S.A.,SONDOTECNICA,-
SORO,SOROCRED CREDITO FINANCIAMENTO E INVESTIMENTO S/A,SOROCREDCFI,-
SP3R,SPE 3R PETROLEUM S.A.,SPE 3R PETRO,-
VSEN,SPE BOA VISTA 2 ENERGIA S.A,BOAVISTA2,-
SPEB,SPE BRASIL SOLAIR LOCACAO E ARRENDAMENTO DE PAINEI,SOLAIR,-
HDBR,SPE HOLDING BEIRA-RIO S.A,SPE,-
RISP,SPE SANEAMENTO RIO 1 S.A.,SPE SANEAMEN,-
RIS4,SPE SANEAMENTO RIO 4 S.A.,SPESANEAMENT,-
FRNS,SPE SAO FRANCISCO EMPREENDIMENTOS IMOBILIARIOS S.A,FRANCISCO,-
SPLV,SPE TRANSMISSORA DE ENERGIA LINHA VERDE II S.A.,SPE LVERDEII,-
SPEE,SPE TURBINA 16 ENERGIA S.A.,SPETURBINA16,-
SPIF,SPI - SOCIEDADE PARA PARTICIPACOES EM INFRAESTRUTU,SPISA,-
SGPS,SPRINGS GLOBAL PARTICIPACOES S.A.,SPRINGS,NM
SRCS,SRC COMPANHIA SECURITIZADORA DE CREDITOS FINANCEIR,SRCSEC,-
STRO,STAR ONE S.A.,STARONE,-
FSTA,STARA FINANCEIRA S.A. CFI,STARACFI,-
STTR,STARA S.A. - INDÚSTRIA DE IMPLEMENTOS AGRÍCOLAS,STARA,MA
STGD,STATE GRID BRAZIL HOLDING S.A.,STATEGRID,-
STKF,STATKRAFT ENERGIAS RENOVAVEIS S.A.,STATKRAFT,-
STSN,STN - SISTEMA DE TRANSMISSAO NORDESTE S.A.,TRANSNORDEST,-
STOC,STONECO LTD.,STONE CO,DR1
SCNR,SUCONOR S.A.,SUCONOR,MB
OPSE,SUDESTE S.A.,SUDESTE S/A,MB
OPTS,SUL 116 PARTICIPACOES S.A.,SUL 116 PART,MB
SULA,SUL AMERICA S.A.,SUL AMERICA,N2
SUMI,SUMICITY TELECOMUNICAÇÕES S.A.,SUMICITY TEL,-
SSSC,SUPERSIM SECURITIZADORA DE CRÉDITOS FINACEIROS S.A,SUPERSIM SEC,-
SPVI,SUPERVIA-CONCESSIONARIA DE TRANSPORTE FERROVIARIO,SUPERVIA,-
SUTE,SUSTENTA COMERCIALIZADORA DE ENERGIA S.A.,SUSTENTASA,-
NEMO,SUZANO HOLDING S.A.,SUZANO HOLD,-
SUZB,SUZANO S.A.,SUZANO S.A.,NM
SYNE,SYN PROP E TECH S.A.,SYN PROP TEC,NM
SHOW,T4F ENTRETENIMENTO S.A.,TIME FOR FUN,NM
TAML,TAM LINHAS AEREAS S.A.,TAM L.AEREAS,-
TPAR,TANQUE PARTICIPAÇÕES S.A.,TANQUE PARTI,-
TASA,TAURUS ARMAS S.A.,TAURUS ARMAS,N2
TVEX,TAVEX INDUSTRIA TEXTIL S.A.,TAVEXIND,-
TXBZ,TBM - TEXTIL BEZERRA DE MENEZES S.A.,TBM,MB
TRAD,TC TRADERS CLUB S.A.,TC,NM
TRCC,TCC - TRANSMISSORA CAMINHO DO CAFE S.A.,TCC - TRANSM,-
TCIB,TCI BPO TECNOLOGIA CONHECIMENTO E INFORMACAO S/A,TCIBPO,-
TCPA,TCP TERMINAL DE CONTEINERES DE PARANAGUA SA,TCP TERMINAL,-
TECN,TECHNOS S.A.,TECHNOS,NM
TCSA,TECNISA S.A.,TECNISA,NM
TCNO,TECNOSOLO ENGENHARIA S.A.,TECNOSOLO,-
TGMA,TEGMA GESTAO LOGISTICA S.A.,TEGMA,NM
TEGA,TEGRA INCORPORADORA S.A.,TEGRA INCORP,-
TEKA,TEKA-TECELAGEM KUEHNRICH S.A.,TEKA,-
TKNO,TEKNO S.A. - INDUSTRIA E COMERCIO,TEKNO,-
TELB,TELEC BRASILEIRAS S.A. TELEBRAS,TELEBRAS,-
VIVT,TELEFÔNICA BRASIL S.A,TELEF BRASIL,-
TMAR,TELEMAR NORTE LESTE S/A ¿ EM RECUPERACAO JUDICIAL,TELEMARNORTE,-
TBPA,TEMBICI PARTICIPAÇÕES S.A.,TEMBICI PART,-
TENC,TENCO SHOPPING CENTERS S.A..,TENCOSHOP,-
TQMR,TEQUIMAR VILA DO CONDE LOGÍSTICA PORTUÁRIA S.A.,TEQUIMAR VC,-
ACGU,TEREOS ACUCAR E ENERGIA BRASIL S.A.,TEREOS ACUCA,-
TEPE,TERMELÉTRICA PERNAMBUCO III S.A.,TERM. PE III,-
TVIA,TERMELETRICA VIANA S.A,VIANA,-
TFBR,TERMINAIS FLUVIAIS DO BRASIL S/A.,TFB,-
MNZC,TERMINAL GARAGEM MENEZES CORTES S.A.,MENEZES CORT,MB
TMPE,TERMOPERNAMBUCO S.A.,TERMOPE,-
TCUL,TERRA DE CULTIVO INDS. DE FERT. E RACOES LTDA,TERRAINDSLTD,-
LAND,Terra Santa Propriedades Agricolas S.A.,TERRASANTAPA,NM
TEMA,TERRAMAR INVESTIMENTOS S.A.,TERRAMARINVE,-
CJEN,TESC - TERMINAL SANTA CATARINA S.A.,TESC TERM SC,MB
TXRX,TEXTIL RENAUXVIEW S.A.,TEX RENAUX,-
THAP,THALASSIUS A033.21 PARTICIPAÇÕES S.A,THALASSIUSA0,-
TIMS,TIM S.A.,TIM,NM
TVIT,TIVIT TERC. DE PROC.. SERV. E TEC. S.A.,TIVIT,-
TLGE,TOPICO LOCACOES DE GALPOES E EQUIPAMENTOS PARA IND,TOPICO,-
TOSN,TOSCANA DESENVOLVIMENTO URBANO S/A,TOSCANA,-
TOTB,TOTAL BIOTECNOLOGIA INDÚSTRIA E COMÉRCIO S.A.,TOTALBIOTECN,-
TOTS,TOTVS S.A.,TOTVS,NM
TPEN,TPE - TRANSMISSORA PARAISO DE ENERGIA S.A.,TPE - TRANS,-
TPIS,TPI - TRIUNFO PARTICIP. E INVEST. S.A.,TRIUNFO PART,NM
TFCO,TRACK & FIELD CO S.A.,TRACK FIELD,N2
TRER,TRANSENERGIA RENOVÁVEL S.A.,TRANSENERGIA,-
TESP,TRANSENERGIA SÃO PAULO S.A.,TRANSSP,-
TAEE,TRANSMISSORA ALIANÇA DE ENERGIA ELÉTRICA S.A.,TAESA,N2
TJMM,TRANSMISSORA JOSE MARIA DE MACEDO DE ELETRICIDADE,TJMM,-
TMES,TRANSMISSORA MATOGROSSENSE DE ENERGIA S.A. TME,TME S/A,-
TSBE,TRANSMISSORA SUL BRASILEIRA DE ENERGIA S.A.,SULBRASILEIR,-
TSLE,TRANSMISSORA SUL LITORANEA DE ENERGIA S/A - TSLE,SULLITORANEA,-
TSSG,TRANSPORTADORA ASSOCIADA DE GAS S.A. - TAG,TAG S/A,-
TRPZ,TRAPEZIO S.A.,TRAPEZIO,-
DETR,TRAVESSIA E DELTA SEC. DE CREDITOS MERCANTIS S.A.,TRAVDELTASEC,-
TVSS,TRAVESSIA SEC. DE CREDITOS FINANCEIROS XI S.A.,TRAVESSIA XI,-
TXXI,TRAVESSIA SEC. DE CRÉDITOS FINANCEIROS XXI,TRASECFINANC,-
TRIX,TRAVESSIA SECURITIZ. CRED. FINANC. IX S.A.,TRAVESSIA IX,-
TVSE,TRAVESSIA SECURITIZADORA DE CRED FINANC VIII S/A,TRAVSEC VIII,-
TSCF,TRAVESSIA SECURITIZADORA DE CREDITOS FINANC II,TRAVESSIA II,-
TVSA,TRAVESSIA SECURITIZADORA DE CREDITOS FINANC III,TRAVE III,-
TVIV,TRAVESSIA SECURITIZADORA DE CREDITOS FINANC IV,TRAVE IV,-
TVSV,TRAVESSIA SECURITIZADORA DE CREDITOS FINANC V,TRAVE V,-
TRVA,TRAVESSIA SECURITIZADORA DE CREDITOS FINANCEIROS I,TRAVESSIA I,-
TMPT,TRAVESSIA SECURITIZADORA DE CREDITOS FINANCEIROS X,TRAVESSIA SE,-
TVSX,TRAVESSIA SECURITIZADORA DE CRÉDITOS FINANCEIROS X,TRAVESSIA X,-
TVSC,TRAVESSIA SECURITIZADORA DE CRÉDITOS FINANCEIROS X,TRAVESSIAXII,-
TVXV,TRAVESSIA SECURITIZADORA DE CRÉDITOS FINANCEIROS X,TRAVESSIASEC,-
TXVI,TRAVESSIA SECURITIZADORA DE CRÉDITOS FINANCEIROS X,TRAVESSISECU,-
TTEN,TRÊS TENTOS AGROINDUSTRIAL S/A,3TENTOS,NM
LUXM,TREVISA INVESTIMENTOS S.A.,TREVISA,-
TRIA,TRIÂNGULO DO SOL AUTO-ESTRADAS S.A.,TRIANGULOSOL,-
TRIS,TRISUL S.A.,TRISUL,NM
CRPG,TRONOX PIGMENTOS DO BRASIL S.A.,CRISTAL,-
TRRG,TRSP - TERMINAL DE REGASEIFICAÇÃO DE GNL DE SÃO PA,TRSP - TERMI,-
APCS,TRUE SECURITIZADORA S.A.,TRUESEC,-
TRXH,TRX HOLDING INVESTIMENTOS E PARTICIPACOES S.A.,TRX,-
TSMM,TSM - TRANSMISSORA SERRA DA MANTIQUEIRA S/A,TSM S/A,-
TLIP,TULIP ITAGUAI HOTELARIA SPE SA.,TULIP,-
TUPR,TUPER S.A.,TUPER,-
TUPY,TUPY S.A.,TUPY,NM
TYPS,TYPUS 43 EMPREENDIMENTOS IMOBILIARIOS S.A.,TYPUS43,-
UMMC,UEM MINERACAO E CONSTRUCAO S.A.,UEMMINERACAO,-
ULFT,ULTRAFERTIL S/A.,ULTRAFERTIL,-
UGPA,ULTRAPAR PARTICIPACOES S.A.,ULTRAPAR,NM
LLDR,UNIAO DE LOJAS LEADER S.A.,LOJASLEADER,-
UQFN,UNIAO QUIMICA FARMACEUTICA NACIONAL S.A.,UNIAOQUIMICA,-
UCAS,UNICASA INDÚSTRIA DE MÓVEIS S.A.,UNICASA,NM
UNID,UNIDAS S.A.,UNIDAS,-
FIQE,UNIFIQUE TELECOMUNICAÇÕES S.A.,UNIFIQUE,NM
UNRP,UNIMED RIO PARTICIPACOES E INVESTIMENTOS S.A.,UNIMEDRIOPAR,-
UNIP,UNIPAR CARBOCLORO S.A.,UNIPAR,-
UPKP,UPTICK PARTICIPACOES S.A.,UPTICK,MB
URBS,URBA DESENVOLVIMENTO URBANO S/A,URBAMAIS,-
UNEJ,USINA DE ENERGIA EOLICA JUNCO II S.A.,EOLICAJUNCOI,-
ESTE,USINA ACUCAREIRA ESTER S/A,USINAESTER,-
UBAT,USINA BATATAIS S.A. AÇÚCAR E ÁLCOOL,USINA BATATA,-
USCA,USINA CAETE S.A.,CAETE,-
USCR,Usina Cerradao S.A.,USINACERRADA,-
UEEC,USINA DE ENERGIA EOLICA CAICARA I S.A.,CAICARAI,-
USEC,USINA DE ENERGIA EOLICA CAICARA II S.A.,CAICARAII,-
UEEJ,USINA DE ENERGIA EOLICA JUNCO I S.A.,JUNCOI,-
USST,Usina Santo Antonio S/A,USINASANTOAN,-
USIM,USINAS SID DE MINAS GERAIS S.A.-USIMINAS,USIMINAS,N1
USSG,USS SOLUCOES GERENCIADAS S.A.,USSGERENCIAD,-
UTCP,UTC PARTICIPACOES S/A,UTCPARTICIP,-
UNEG,UTE GNA I GERAÇÃO DE ENERGIA S.A.,UTE GNA I GE,-
VTIJ,VALE DO TIJUCO ACUCAR E ALCOOL S/A,VALEDOTIJUCO,-
VALE,VALE S.A.,VALE,NM
VLPR,VALEPAR S/A,VALEPAR,-
VLID,VALID SOLUÇÕES S.A.,VALID,NM
VAMO,VAMOS LOCAÇÃO DE CAMINHÕES. MÁQUINAS E EQUIP. S.A.,VAMOS,NM
VDBF,VDB F2 GERACAO DE ENERGIA S.A.,VDBF2,-
VDBG,VDB F3 GERAÇÃO DE ENERGIA S.A.,VDB F3 GERAÇ,-
VDQH,VDQ HOLDINGS S.A.,VDQHOLDINGS,-
VENS,VENETO ENERGETICA S/A,VENETO ENERG,-
VTSS,VENTOS DE SAO VICENTE ENERGIAS RENOVAVEIS S.A.,VENTOSVICENT,-
VTAE,VENTOS DE SANTA ALBERTINA ENERGIAS RENOVAVEIS S.A.,VENTOSSTAALB,-
VSLZ,VENTOS DE SANTA LUIZA ENERGIAS RENOVAVEIS S.A.,VENTOSSTALUI,-
VTER,VENTOS DE SANTO AFONSO ENERGIAS RENOVAVEIS S.A.,VENTOSSTOAFO,-
VTAR,VENTOS DE SANTO AGOSTINHO ENERGIAS RENOVAVEIS S.A.,SANTOAGOSTIN,-
ELOY,VENTOS DE SANTO ELOY HOLDING S.A.,VENTOSS ELOY,-
VSEH,VENTOS DE SANTO ESTEVAO HOLDING S/A,VENTOSSTOEST,-
VSUR,VENTOS DE SANTO URIEL S.A.,VENTOS,-
VTEN,VENTOS DE SAO ADEODATO ENERGIAS RENOVAVEIS S.A.,SAOADEODATO,-
VSBT,VENTOS DE SAO BENTO HOLDING S/A,VENTOSSBENTO,-
VTCE,VENTOS DE SAO CASIMIRO ENERGIAS RENOVAVEIS S.A.,VENTOSCASIMI,-
VSCL,VENTOS DE SAO CLEMENTE HOLDING S.A.,SAOCLEMENTE,-
GVAO,VENTOS DE SAO GALVAO HOLDING S.A.,VENTOS SGALV,-
VSJH,VENTOS DE SAO JORGE HOLDING S.A.,VENTOSSJH,-
VNTT,VENTOS DE SAO TITO HOLDING S/A,VENTOSSAOTIT,-
VSTH,VENTOS DE SAO TOME HOLDING S.A.,VENTOSSAOTOM,-
VTVE,VENTOS DE SAO VINICIUS ENERGIAS RENOVAVEIS S.A.,SAOVINICIUS,-
VGRA,VENTOS DOS GUARAS I ENERGIAS RENOVAVEIS S.A,VENTOSRENOV,-
VDEN,VERDE 08 ENERGIA S.A.,VERDE08ENERG,-
VRDS,VEREDAS TRANSMISSORA DE ELETRICIDADE S/A,VEREDAS,-
VERT,VERT COMPANHIA SECURITIZADORA,VERTCIASEC,-
VACS,VERT-ADIANTE COMPANHIA SECURITIZADORA DE CREDITOS,VERTADIANTEC,-
MONY,VERT-MONEY MONEY COMP. SEC. DE CREDITOS FINANCEIRO,VERTMONEYFIN,-
VZSN,VERZANI & SANDRINI S.A,VERZANI & SA,-
VIMT,VIA BRASIL MT 320 CONCESSIONARIA DE RODOVIAS S/A,VIA BR MT320,-
VIIA,VIA S.A,VIA,NM
VPRC,VIACAO PIRACICABANA S.A,PIRACICABANA,-
VBBR,VIBRA ENERGIA S.A.,VIBRA,NM
VIDR,VIDROPORTO S.A.,VIDROPORTO,-
VLLP,VILA LEOPOLDINA EMPREENDIMENTOS IMOBILIÁRIOS S.A.,VILA LEOPOLD,-
VP1E,VILA PIAUI 1 EMPREENDIMENTOS E PARTICIPACOES S.A.,VILA PIAUI 1,-
VP2E,VILA PIAUI 2 EMPREENDIMENTOS E PARTICIPACOES S.A.,VILA PIAUI 2,-
VPI3,VILA PIAUI 3 EMPREENDIMENTOS E PARTICIPACOES S/A,VILA PIAUI 3,-
VLRL,VILA REAL ENERGIA S.A.,VILAREAL,-
VNR1,VILA RIO GRANDE DO NORTE 1 EMPREENDIMENTOS E PARTI,VILA RN 1,-
VNR2,VILA RIO GRANDE DO NORTE 2 EMPR E PART S/A,VILA RN 2,-
VSG2,VILA SERGIPE 1 EMPREENDIMENTOS E PARTICIPACOES S/A,VILASERGIPE1,-
VSP2,VILA SERGIPE 2 EMPREENDIMENTOS E PARTICIPACOES S/A,VILASERGIPE2,-
VLS3,VILA SERGIPE 3 EMPREENDIMENTOS E PARTICIPACOES S/A,VILASERGIPE3,-
VVLH,VILA VELHA S.A. ADMINISTRACAO E PARTICIPACOES,VILAVELHAADM,-
CBSC,VIRGO II COMPANHIA DE SECURITIZACAO,CIBRASEC,-
VSPE,VISION FRANCISCO SÁ SPE S.A.,VISION F SA,-
VSIT,VISION ITAOBIM SPE S.A.,VISION ITAOB,-
VSON,VISION SECURITIZADORA S.A.,VISION SEC,-
VCON,VITACON PARTICIPACOES S.A.,VITACONPART,-
VTEG,VITAL ENGENHARIA AMBIENTAL SA,VITALENG,-
VITT,VITTIA FERTILIZANTES E BIOLOGICOS S.A.,VITTIA,NM
VIVA,VIVARA PARTICIPAÇOES S.A,VIVARA S.A.,NM
VIVR,VIVER INCORPORADORA E CONSTRUTORA S.A.,VIVER,NM
VLIM,VLI MULTIMODAL S.A.,VLI,-
VLIO,VLI OPERACOES PORTUARIAS S/A,VLIOPEPORTU,-
VOGL,VOGEL SOLUCOES EM TELECOMUNICACOES E INFORMATICA S,VOGELSOLUCOE,-
VTLA,VOLTALIA SAO MIGUEL DO GOSTOSO PARTICIPACOES S.A,SAOMIGUEL,-
VOLT,VOLTALIA AREIA BRANCA I PARTICIPACOES S.A.,VOLTALIA,-
VTCT,VOTORANTIM CIMENTOS N/NE S.A.,VOTOCIMENTOS,-
VEBM,VOTORANTIM CIMENTOS S.A.,VOTCIMENTOS,-
SDBM,VOTORANTIM SIDERURGIA S.A.,VOTOSIDER,-
VULC,VULCABRAS S.A.,VULCABRAS,NM
WETR,WE TRUST IN SUSTAINABLE ENERGY - ENERGIA RENOVAVEL,WE TRUST,-
WEGE,WEG S.A.,WEG,NM
WEST,WESTWING COMERCIO VAREJISTA S.A.,WESTWING,NM
MWET,WETZEL S.A.,WETZEL S/A,-
WHRL,WHIRLPOOL S.A.,WHIRLPOOL,-
PORT,WILSON SONS HOLDINGS BRASIL S.A.,WILSON SONS,NM
WDPR,WINDEPAR HOLDING S. A.,WINDEPAR,-
WIZS,WIZ SOLUÇÕES E CORRETAGEM DE SEGUROS S.A.,WIZ S.A.,NM
WLMM,WLM PART. E COMÉRCIO DE MÁQUINAS E VEÍCULOS S.A.,WLM IND COM,-
WTSA,WTORRE S.A.,WTORRE,-
WWHD,WW HOLDING S.A,WWHOLDING,-
XNGU,XINGU RIO TRANSMISSORA DE ENERGIA S.A.,XINGUENERGIA,-
XMSS,XMASSETO PARTICIPACOES S/A,XMASSETO,-
XNIC,XNICE PARTICIPACOES S.A.,XNICEPART,-
XPEN,XP COMERCIALIZADORA DE ENERGIA LTDA.,XPCOMERCIALI,-
XPBR,XP INC.,XP INC,DR1
XPVS,XP INVESTIMENTOS S.A.,XPINVESTIMEN,-
YBRA,YBYRÁ S.A.,YBYRA S/A,MB
YDUQ,YDUQS PARTICIPACOES S.A.,YDUQS PART,NM
YUNY,YUNY INCORPORADORA S/A,YUNY,-
ZZDT,Z.A DIGITAL SP SIST. ESTACIONAMENTO ROTARIVO S.A.,Z.A DIGITAL,-
ZTIX,ZATIX TECNOLOGIA S.A.,ZATIX TECNOL,-
ZMPT,ZEMA CIA. DE PETROLEO,ZEMA,-
ZION,ZION CAPITAL S.A.,ZIONCAPITAL,-
